{"pdf": "Demolab/build/Mechanics/Q40/Playing_tennis/Playing_tennis.pdf", "x": [[251.71742543171112, 429.45682888540034]], "y": [[112.32, 366.71999999999997]], "dt": 3.6382498741149902}