{"pdf": "Demolab/build/Mechanics/F20/Newton's_hammer/Newton's_hammer.pdf", "x": [[250.75667189952907, 446.75039246467816], []], "y": [[113.28, 396.48], []], "dt": 7.640455961227417}