{"pdf": "Demolab/build/Oscillations_and_Waves/A10/Mathematical_pendulum__1__-_Simple_harmonic_motion/Mathematical_pendulum__1__-_Simple_harmonic_motion.pdf", "x": [[221.93406593406593, 440.98587127158555], [223.85557299843015, 444.82888540031394], []], "y": [[170.88, 466.56], [174.72, 327.36], []], "dt": 9.960975646972656}