{"pdf": "Demolab/build/Mechanics/E20/Coriolis_merry-go-round/Coriolis_merry-go-round.pdf", "x": [[180.48606451612903, 485.7763225806452], [], [], []], "y": [[145.93386545039908, 614.4583808437857], [], [], []], "dt": 13.549952983856201}