{"pdf": "Demolab/build/Mechanics/Q60/rugbyball/rugbyball.pdf", "x": [[138.34850863422292, 512.0816326530612], [260.36420722135006, 392.9481946624804, 249.79591836734696, 421.77080062794346]], "y": [[115.19999999999999, 309.12], [113.28, 202.55999999999997, 296.64000000000004, 389.76]], "dt": 9.31009316444397}