{"pdf": "Demolab/build/Mechanics/H10/Strong_magnet,_weak_paperclip/Strong_magnet,_weak_paperclip.pdf", "x": [[141.23076923076923, 476.5337519623234], [177.73940345368916, 494.78806907378333], []], "y": [[136.32, 425.28000000000003], [202.55999999999997, 449.28], []], "dt": 12.198850870132446}