{"pdf": "Demolab/build/Mechanics/J20/Train_and_track/Train_and_track.pdf", "x": [[195.99372056514912, 468.84772370486655], [], []], "y": [[148.79999999999998, 441.6], [], []], "dt": 8.29840087890625}