{"pdf": "Demolab/build/Mechanics/K10/Pulling_a_spool/Pulling_a_spool.pdf", "x": [[231.54160125588695, 482.29827315541604], [289.1868131868132, 390.065934065934, 299.7551020408163, 396.7912087912088], [280.54003139717423, 442.9073783359497]], "y": [[107.52000000000001, 241.92000000000002], [261.12, 408.0, 474.23999999999995, 561.6], [77.75999999999999, 179.51999999999998]], "dt": 12.985593318939209}