{"pdf": "Demolab/build/Mechanics/K10/Pulling_a_spool/Pulling_a_spool.pdf", "x": [[248.83516483516485, 480.3767660910518], [317.04866562009414, 388.1444270015699, 303.5981161695447, 406.39874411302986], [287.265306122449, 440.98587127158555]], "y": [[113.28, 237.11999999999998], [264.0, 411.84000000000003, 481.92, 548.16], [86.39999999999999, 177.6]], "dt": 13.323950052261353}