{"pdf": "Demolab/build/Mechanics/M40/Mortar/Mortar.pdf", "x": [[161.4065934065934, 509.1993720565149], [269.9717425431711, 408.3202511773941], [285.34379905808476, 422.7315541601256]], "y": [[125.75999999999999, 438.72], [125.75999999999999, 279.36], [153.6, 301.44]], "dt": 15.275957822799683}