{"pdf": "Demolab/build/Mechanics/M40/Mortar/Mortar.pdf", "x": [[157.56357927786502, 507.2778649921507], [259.403453689168, 411.20251177394033], [277.65777080062793, 421.77080062794346]], "y": [[123.84, 437.76], [126.72, 284.15999999999997], [156.48, 299.52]], "dt": 14.462959289550781}