{"pdf": "Demolab/build/Mechanics/E20/Rotating_liquid/Rotating_liquid.pdf", "x": [[263.24646781789636, 401.5949764521193], [269.9717425431711, 383.34065934065933, 242.1098901098901, 414.08477237048663], [244.99215070643643, 413.12401883830455]], "y": [[125.75999999999999, 416.63999999999993], [214.08, 319.68, 431.99999999999994, 605.76], [151.68, 316.8]], "dt": 15.506303310394287}