{"pdf": "Demolab/build/Modern_Physics/A60/Discovering_Bragg/Discovering_Bragg.pdf", "x": [[229.62009419152278, 473.6514913657771], [244.03139717425432, 457.31868131868134], [255.56043956043956, 441.94662480376763]], "y": [[115.19999999999999, 417.59999999999997], [280.32, 594.24], [131.51999999999998, 271.68]], "dt": 13.197575092315674}