{"pdf": "Demolab/build/Modern_Physics/A60/Discovering_Bragg/Discovering_Bragg.pdf", "x": [[222.89481946624804, 472.69073783359494], [244.99215070643643, 454.436420722135], [250.75667189952907, 450.5934065934066]], "y": [[112.32, 409.92], [283.20000000000005, 597.12], [129.6, 275.52000000000004]], "dt": 25.46000599861145}