{"pdf": "Demolab/build/Mechanics/M40/Pendulum_of_death/Pendulum_of_death.pdf", "x": [[253.63893249607534, 416.967032967033], []], "y": [[112.32, 379.2], []], "dt": 10.31752896308899}