{"pdf": "Demolab/build/Electricity_and_Magnetism/A10/Electric_soap_bubbles/Electric_soap_bubbles.pdf", "x": [[190.2291993720565, 469.8084772370487], [219.05180533751962, 435.22135007849295], [224.81632653061226, 410.2417582417582]], "y": [[137.28, 382.08], [196.79999999999998, 542.4], [233.28, 457.91999999999996]], "dt": 13.79903244972229}