{"pdf": "Demolab/build/Optics/C20/Fraunhofer_-_and_Fresnel_diffraction/Fraunhofer_-_and_Fresnel_diffraction.pdf", "x": [[204.64050235478808, 461.1616954474098], [150.83830455259027, 520.7284144427001], [263.24646781789636, 419.8492935635793]], "y": [[168.96, 398.40000000000003], [322.56, 378.24], [106.56, 310.08000000000004]], "dt": 11.997939586639404}