{"pdf": "Demolab/build/Optics/C20/Fraunhofer_-_and_Fresnel_diffraction/Fraunhofer_-_and_Fresnel_diffraction.pdf", "x": [[206.56200941915228, 466.92621664050233], [151.79905808477235, 520.7284144427001], [257.48194662480375, 408.3202511773941]], "y": [[173.76, 399.36], [319.68, 377.28000000000003], [102.72, 312.96]], "dt": 11.963452100753784}