{"pdf": "Demolab/build/Electricity_and_Magnetism/A40/Charging_by_induction/Charging_by_induction.pdf", "x": [[143.15227629513345, 526.4929356357927], [250.75667189952907, 426.57456828885404], [233.46310832025117, 453.4756671899529]], "y": [[122.88, 320.64], [316.8, 595.1999999999999], [163.2, 267.84000000000003]], "dt": 24.839734077453613}