{"pdf": "Demolab/build/Electricity_and_Magnetism/A20/Coulomb's_law__2_/Coulomb's_law__2_.pdf", "x": [[149.87755102040816, 515.9246467817896], [273.81475667189954, 404.47723704866564], [141.23076923076923, 285.34379905808476, 308.40188383045523, 372.7723704866562], []], "y": [[126.72, 366.71999999999997], [227.52, 446.4], [97.92, 266.88, 479.04, 597.12], []], "dt": 25.336339712142944}