{"pdf": "Demolab/build/Mechanics/J30/Strong_professor__weak_students_/Strong_professor__weak_students_.pdf", "x": [[146.03453689167975, 487.1020408163265], [254.59968602825745, 373.7331240188383], [181.58241758241758, 478.4552590266876]], "y": [[145.92, 312.0], [181.44, 521.28], [111.35999999999999, 300.48]], "dt": 17.784111499786377}