{"pdf": "Demolab/build/Mechanics/J30/Strong_professor__weak_students_/Strong_professor__weak_students_.pdf", "x": [[147.95604395604397, 480.3767660910518], [250.75667189952907, 389.10518053375193], [175.81789638932497, 493.82731554160125]], "y": [[148.79999999999998, 310.08000000000004], [183.35999999999999, 521.28], [109.44, 298.56]], "dt": 18.47074031829834}