{"pdf": "Demolab/build/Mechanics/E10/Shoot_and_catch/Shoot_and_catch.pdf", "x": [[143.0448064516129, 512.6572258064516], [248.64835483870968, 416.654], [215.04722580645162, 424.3342580645161]], "y": [[133.4526795895097, 359.07411630558727], [467.5644241733182, 580.8551881413912], [113.29076396807298, 242.903078677309]], "dt": 12.223952293395996}