{"pdf": "Demolab/build/Oscillations_and_Waves/B22/Kundt's_tube/Kundt's_tube.pdf", "x": [[142.08477419354838, 512.6572258064516], [199.68670967741937, 463.69558064516133], [142.08477419354838, 524.1776129032258], [175.68590322580647, 472.335870967742]], "y": [[121.93158494868871, 311.06955530216646], [357.1539338654504, 696.0661345496009], [201.61915621436717, 356.19384264538195], [164.175598631699, 241.9429874572406]], "dt": 15.346433639526367}