{"pdf": "Demolab/build/Mechanics/Q60/Percussionpoint__1_/Percussionpoint__1_.pdf", "x": [[142.19152276295134, 512.0816326530612], [242.1098901098901, 415.04552590266877], [222.89481946624804, 423.6923076923077]], "y": [[115.19999999999999, 391.68], [323.52000000000004, 495.36], [71.03999999999999, 222.71999999999997]], "dt": 10.442650556564331}