{"pdf": "Demolab/build/Oscillations_and_Waves/A40/Mathematical_pendulum__1__-_Simple_harmonic_motion/Mathematical_pendulum__1__-_Simple_harmonic_motion.pdf", "x": [[220.01255886970173, 441.94662480376763], [219.05180533751962, 441.94662480376763], []], "y": [[170.88, 468.48], [164.16, 328.32], []], "dt": 11.081159114837646}