{"pdf": "Demolab/build/Mechanics/G10/Throwing_eggs/Throwing_eggs.pdf", "x": [[209.4442700156986, 462.1224489795918], []], "y": [[126.72, 379.2], []], "dt": 7.191460371017456}