{"pdf": "Demolab/build/Electricity_and_Magnetism/H20/force_between_magnets__1_/force_between_magnets__1_.pdf", "x": [[181.58241758241758, 523.6106750392465], [261.3249607535322, 441.94662480376763], [221.93406593406593, 478.4552590266876]], "y": [[120.96000000000001, 454.08000000000004], [193.92, 476.15999999999997], [133.44, 358.08000000000004]], "dt": 25.80064058303833}