{"pdf": "Demolab/build/Mechanics/Q40/Balls_on_a_rotating_ramp/Balls_on_a_rotating_ramp.pdf", "x": [[226.5676129032258, 459.85545161290327], [], [218.88735483870968, 423.37422580645165]], "y": [[121.93158494868871, 272.6659064994299], [], [80.64766248574686, 222.74116305587228]], "dt": 9.830494165420532}