{"pdf": "Demolab/build/Mechanics/E20/Coriolis__3_/Coriolis__3_.pdf", "x": [[153.72056514913658, 539.9434850863422], [148.91679748822608, 551.4725274725275]], "y": [[124.8, 584.64], [253.44, 475.2]], "dt": 27.770900011062622}