{"pdf": "Demolab/build/Oscillations_and_Waves/A10/Mathematical_pendulum__3__-_Determing_g/Mathematical_pendulum__3__-_Determing_g..pdf", "x": [[147.95604395604397, 513.0423861852433], [246.91365777080063, 421.77080062794346], []], "y": [[160.32, 425.28000000000003], [207.36, 362.88], []], "dt": 14.116936206817627}