{"pdf": "Demolab/build/Mechanics/K10/Falling_stick/Falling_stick.pdf", "x": [[220.01255886970173, 444.82888540031394], [200.79748822605964, 461.1616954474098]], "y": [[318.71999999999997, 509.76000000000005], [72.0, 257.28]], "dt": 7.946768522262573}