{"pdf": "Demolab/build/Thermodynamics/A10/Constant_volume_gas_thermometer/Constant_volume_gas_thermometer.pdf", "x": [[177.73940345368916, 484.2197802197802], [182.5431711145997, 465.0047095761381], []], "y": [[135.35999999999999, 311.03999999999996], [363.84000000000003, 527.04], []], "dt": 10.906951427459717}