{"pdf": "Demolab/build/Mechanics/D40/Students'_centre_of_mass/Students'_centre_of_mass.pdf", "x": [[136.4270015698587, 506.3171114599686]], "y": [[113.28, 217.92]], "dt": 10.523876905441284}