{"pdf": "Demolab/build/Mechanics/D40/Students'_centre_of_mass/Students'_centre_of_mass.pdf", "x": [[140.27001569858712, 501.51334379905813]], "y": [[116.16, 214.08]], "dt": 10.423583507537842}