{"pdf": "Demolab/build/Thermodynamics/B70/Clement's_and_Desormes'_experiment/Clement's_and_Desormes'_experiment.pdf", "x": [[239.2276295133438, 439.0643642072214], [214.24803767660913, 446.75039246467816], []], "y": [[160.32, 458.87999999999994], [248.64000000000001, 415.68000000000006], []], "dt": 10.279918670654297}