{"pdf": "Demolab/build/Electricity_and_Magnetism/L20/Selfinductance_in_AC-circuit/Selfinductance_in_AC-circuit.pdf", "x": [[159.3653548387097, 492.49654838709677], [181.44609677419353, 486.7363548387097, 165.12554838709679, 499.2167741935484], [170.88574193548388, 483.8562580645161], [170.88574193548388, 385.93296774193556]], "y": [[167.05587229190422, 439.7217787913341], [155.53477765108323, 272.6659064994299, 420.5199543899658, 707.5872291904219], [204.4994298745724, 372.51539338654504], [354.27366020524516, 457.963511972634]], "dt": 40.19617581367493}