{"pdf": "Demolab/build/Mechanics/F30/Galileo's_thoughts/Galileo's_thoughts.pdf", "x": [[153.60516129032257, 501.1368387096774], [183.36616129032257, 482.89622580645164], []], "y": [[121.93158494868871, 235.2223489167617], [223.7012542759407, 488.6864310148233], []], "dt": 11.625512838363647}