{"pdf": "Demolab/build/Mechanics/Q20/Maxwheel/Maxwheel.pdf", "x": [[209.4442700156986, 454.436420722135], [260.36420722135006, 402.5557299843014], [268.0502354788069, 393.90894819466246], []], "y": [[151.68, 435.84], [265.92, 466.56], [102.72, 366.71999999999997], []], "dt": 15.760895729064941}