{"pdf": "Demolab/build/Electricity_and_Magnetism/G20/Barkhausen_effect__1/Barkhausen_effect__1.pdf", "x": [[186.3861852433281, 491.9058084772371], []], "y": [[150.72, 360.0], []], "dt": 6.770343780517578}