{"pdf": "Demolab/build/Mechanics/N20/Pulling_a_slackened_rope/Pulling_a_slackened_rope.pdf", "x": [[169.09262166405023, 491.9058084772371]], "y": [[129.6, 304.32]], "dt": 5.4440507888793945}