{"pdf": "Demolab/build/Mechanics/Q60/Stable_wheel/Stable_wheel.pdf", "x": [[209.4442700156986, 461.1616954474098], [235.3846153846154, 426.57456828885404, 260.36420722135006, 424.6530612244898], []], "y": [[114.24000000000001, 298.56], [177.6, 287.04, 338.88, 646.08], []], "dt": 13.560537815093994}