{"pdf": "Demolab/build/Mechanics/Q40/Counter-rotating_disks/Counter-rotating_disks.pdf", "x": [[235.3846153846154, 424.6530612244898], []], "y": [[122.88, 352.32], []], "dt": 5.163265705108643}