{"pdf": "Demolab/build/Thermodynamics/C33/Dippy_bird/Dippy_bird.pdf", "x": [[157.44529032258066, 499.2167741935484], [232.3278064516129, 425.29429032258065], [208.327, 418.57406451612906]], "y": [[137.29304446978335, 373.47548460661346], [233.30216647662485, 434.92132269099204], [84.48802736602053, 287.0672748004561]], "dt": 10.26940655708313}