{"pdf": "Demolab/build/Mechanics/H10/trying_hard_to_pull_differntly/trying_hard_to_pull_differntly.pdf", "x": [[146.03453689167975, 520.7284144427001], [207.52276295133439, 466.92621664050233]], "y": [[133.44, 279.36], [183.35999999999999, 478.08]], "dt": 15.38534951210022}