{"pdf": "Demolab/build/Mechanics/H10/trying_hard_to_pull_differntly/trying_hard_to_pull_differntly.pdf", "x": [[146.99529042386186, 526.4929356357927], [204.64050235478808, 475.5729984301413]], "y": [[137.28, 273.6], [181.44, 477.12]], "dt": 11.362843036651611}