{"pdf": "Demolab/build/Optics/A44/Brewster's_angle__3_/Brewster's_angle__3_.pdf", "x": [[148.805, 504.016935483871], [], [270.7290967741936, 396.49332258064516], [270.7290967741936, 397.4533548387097], []], "y": [[172.8164196123147, 587.57582668187], [], [274.5860889395667, 600.0570125427595], [269.7856328392246, 596.2166476624857], []], "dt": 15.279407262802124}