{"pdf": "Demolab/build/Mechanics/E30/Coriolis__1a_/Coriolis__1a_.pdf", "x": [[136.3245806451613, 564.4989677419355], [287.0496451612903, 427.2143548387097], [250.5684193548387, 477.1360322580646], [313.9305483870968, 411.8538387096774]], "y": [[131.53249714937286, 529.0102622576967], [285.1470923603193, 610.618015963512], [152.654503990878, 661.502850627138], [169.93614595210946, 270.745724059293]], "dt": 20.083448886871338}