{"pdf": "Demolab/build/Mechanics/E30/Coriolis__1a_/Coriolis__1a_.pdf", "x": [[142.08477419354838, 566.4190322580646], [288.0096774193549, 422.4141935483871], [253.44851612903224, 479.0560967741936], [324.49090322580645, 399.37341935483875]], "y": [[135.3728620296465, 526.1299885974914], [287.0672748004561, 606.7776510832383], [156.49486887115165, 660.5427594070695], [177.61687571265676, 268.8255416191562]], "dt": 27.540247201919556}