{"pdf": "Demolab/build/Oscillations_and_Waves/A40/Simple_harmonic_motion__SHM___3_/Simple_harmonic_motion__SHM___3_.pdf", "x": [[144.11302982731553, 512.0816326530612], [249.79591836734696, 431.3783359497645], [288.22605965463106, 403.5164835164835, 288.22605965463106, 408.3202511773941], []], "y": [[157.44, 434.88], [263.03999999999996, 409.92], [173.76, 350.40000000000003, 500.15999999999997, 635.52], []], "dt": 12.524057388305664}