{"pdf": "Demolab/build/Modern_Physics/F10/E=mc-square/E=mc-square.pdf", "x": [[152.75981161695447, 509.1993720565149], []], "y": [[114.24000000000001, 346.56], []], "dt": 6.0750041007995605}