{"pdf": "Demolab/build/Thermodynamics/D30/Radiometer_of_Crooks/Radiometer_of_Crooks.pdf", "x": [[293.02982731554164, 396.7912087912088], []], "y": [[113.28, 283.20000000000005], []], "dt": 5.469843626022339}