{"pdf": "Demolab/build/Mechanics/D50/Centripetal_force/Centripetal_force.pdf", "x": [[219.8473870967742, 439.6947741935484], [264.0088709677419, 405.1336129032258, 176.64593548387097, 480.97616129032264], []], "y": [[122.89167616875713, 441.64196123147093], [141.133409350057, 264.02508551881414, 345.6328392246294, 545.3318129988598], []], "dt": 16.993247747421265}