{"pdf": "Demolab/build/Mechanics/Q60/Tippe_top/Tippe_top.pdf", "x": [[141.23076923076923, 515.9246467817896], [230.5808477237049, 438.10361067503925], [226.73783359497645, 437.14285714285717], [280.54003139717423, 378.53689167974886]], "y": [[122.88, 257.28], [482.88000000000005, 675.84], [273.6, 479.04], [80.64, 285.12]], "dt": 24.20101547241211}