{"pdf": "Demolab/build/Mechanics/D40/Explosion/Explosion.pdf", "x": [[181.44609677419353, 511.6971935483871], [216.96729032258065, 480.97616129032264], [141.12474193548388, 565.459, 164.16551612903228, 343.69154838709676], []], "y": [[136.33295324971496, 295.70809578107185], [456.0433295324972, 613.4982896237171], [196.8187001140251, 423.40022805017105, 530.9304446978334, 699.9064994298745], []], "dt": 22.64527416229248}