{"pdf": "Demolab/build/Electricity_and_Magnetism/C30/Capacitor__2_Different_dielectrics/Capacitor__2_Different_dielectrics.pdf", "x": [[178.70015698587127, 491.9058084772371], [163.32810047095762, 460.20094191522765, 214.24803767660913, 465.0047095761381], [212.3265306122449, 470.7692307692308], []], "y": [[146.88, 394.56], [158.4, 276.48, 387.84, 658.5600000000001], [118.07999999999998, 391.68], []], "dt": 20.72748351097107}