{"pdf": "Demolab/build/Electricity_and_Magnetism/L20/Selfinductance_in_AC-circuit/Selfinductance_in_AC-circuit.pdf", "x": [[166.08558064516131, 487.69638709677423], [180.48606451612903, 487.69638709677423, 169.92570967741935, 496.3366774193549], [174.72587096774194, 494.4166129032258, 182.40612903225806, 484.8162903225807], [168.00564516129035, 375.3726129032258]], "y": [[167.05587229190422, 438.7616875712657], [156.49486887115165, 277.46636259977197, 424.3603192702394, 700.866590649943], [198.7388825541619, 378.2759407069555, 476.20524515393384, 664.3831242873432], [350.4332953249715, 464.68415051311285]], "dt": 31.62222146987915}