{"pdf": "Demolab/build/Fluid_Mechanics/C20/Magnus_effect__2_/Magnus_effect__2_.pdf", "x": [[203.67974882260597, 465.0047095761381], [235.3846153846154, 421.77080062794346, 253.63893249607534, 420.8100470957614]], "y": [[112.32, 286.08], [136.32, 222.71999999999997, 375.36, 530.88]], "dt": 17.51367688179016}