{"pdf": "Demolab/build/Thermodynamics/F30/Dippy_bird/Dippy_bird.pdf", "x": [[151.68509677419354, 504.016935483871], [219.8473870967742, 430.09445161290324], [218.88735483870968, 415.69396774193547]], "y": [[130.57240592930444, 379.236031927024], [233.30216647662485, 438.7616875712657], [85.44811858608894, 290.90763968072974]], "dt": 12.133378982543945}