{"pdf": "Demolab/build/Electricity_and_Magnetism/H20/force_between_magnets__1_/force_between_magnets__1_.pdf", "x": [[184.46467817896388, 522.6499215070644], [249.79591836734696, 440.98587127158555], [222.89481946624804, 465.96546310832025]], "y": [[127.68, 450.24], [192.95999999999998, 478.08], [132.48, 358.08000000000004]], "dt": 51.724549293518066}