{"pdf": "Demolab/build/Mechanics/M40/Kinetic_energy_in_an_elastic_collision/Kinetic_energy_in_an_elastic_collision.pdf", "x": [[146.03453689167975, 525.5321821036107], [229.62009419152278, 444.82888540031394], []], "y": [[149.76, 246.72], [167.04, 428.16], []], "dt": 10.939506530761719}