{"pdf": "Demolab/build/Electricity_and_Magnetism/C20/Capacitor__2_Different_dielectrics/Capacitor__2_Different_dielectrics.pdf", "x": [[179.66091051805336, 489.98430141287287], [152.75981161695447, 458.2794348508634, 213.28728414442702, 465.0047095761381], [212.3265306122449, 468.84772370486655], []], "y": [[146.88, 394.56], [158.4, 274.56, 385.91999999999996, 658.5600000000001], [120.0, 391.68], []], "dt": 23.12854814529419}