{"pdf": "Demolab/build/Electricity_and_Magnetism/D20/Negative_temperature_coefficient/Negative_temperature_coefficient.pdf", "x": [[224.81632653061226, 440.02511773940347], []], "y": [[137.28, 306.24], []], "dt": 9.113688468933105}