{"pdf": "Demolab/build/Electricity_and_Magnetism/G40/Barkhausen_effect__1/Barkhausen_effect__1.pdf", "x": [[184.46467817896388, 490.94505494505495], []], "y": [[150.72, 359.03999999999996], []], "dt": 8.019082069396973}