{"pdf": "Demolab/build/Electricity_and_Magnetism/B20/Charge_and_field_inside_and_or_outside/Charge_and_field_inside_and_or_outside.pdf", "x": [[169.92570967741935, 484.8162903225807], [173.76583870967744, 489.6164516129033], []], "y": [[169.93614595210946, 317.7901938426454], [294.7480045610034, 684.5450399087799], []], "dt": 13.82332181930542}