{"pdf": "Demolab/build/Mechanics/F20/Tablecloth_pull/Tablecloth_pull.pdf", "x": [[158.52433281004707, 514.0031397174254], []], "y": [[112.32, 294.72], []], "dt": 6.049101829528809}