{"pdf": "Demolab/build/Mechanics/Q10/Pirouette/Pirouette.pdf", "x": [[185.425431711146, 482.29827315541604]], "y": [[150.72, 280.32]], "dt": 5.905068874359131}