{"pdf": "Demolab/build/Mechanics/M40/Galileo's_pendulum/Galileo's_pendulum.pdf", "x": [[204.64050235478808, 465.0047095761381], [247.87441130298274, 405.4379905808477], []], "y": [[113.28, 324.47999999999996], [158.4, 415.68000000000006], []], "dt": 13.537672996520996}