{"pdf": "Demolab/build/Mechanics/K10/Falling_stick/Falling_stick.pdf", "x": [[238.2668759811617, 438.10361067503925], [190.2291993720565, 455.3971742543171]], "y": [[319.68, 504.0], [77.75999999999999, 258.24]], "dt": 9.260601043701172}