{"pdf": "Demolab/build/Electricity_and_Magnetism/A40/Charging_by_induction/Charging_by_induction.pdf", "x": [[148.91679748822608, 526.4929356357927], [249.79591836734696, 431.3783359497645], [236.34536891679747, 440.98587127158555]], "y": [[128.64, 327.36], [314.88, 587.52], [154.56, 265.92]], "dt": 16.60857892036438}