{"pdf": "Demolab/build/Oscillations_and_Waves/C50/Plucking_a_string/Plucking_a_string.pdf", "x": [[167.17111459968604, 500.552590266876], [158.52433281004707, 522.6499215070644], []], "y": [[136.32, 253.44], [396.48, 650.88], []], "dt": 13.088512659072876}