{"pdf": "Demolab/build/Electricity_and_Magnetism/K30/Electric_power_transmission_line/Electric_power_transmission_line.pdf", "x": [[177.73940345368916, 488.06279434850865], [164.2888540031397, 486.1412872841444], []], "y": [[167.04, 279.36], [180.48, 505.92], []], "dt": 24.737673044204712}