{"pdf": "Demolab/build/Mechanics/Q40/Playing_tennis/Playing_tennis.pdf", "x": [[253.63893249607534, 429.45682888540034]], "y": [[113.28, 364.8]], "dt": 3.3224778175354004}