{"pdf": "Demolab/build/Thermodynamics/F10/Irreversible_process/Irreversible_process.pdf", "x": [[153.72056514913658, 505.35635792778646], [153.72056514913658, 512.0816326530612]], "y": [[123.84, 189.12], [422.4, 532.8]], "dt": 14.780147314071655}