{"pdf": "Demolab/build/Mechanics/Q40/Sweet_spot/Sweet_spot.pdf", "x": [[154.6813186813187, 508.2386185243328], [244.03139717425432, 424.6530612244898], [244.99215070643643, 416.967032967033], []], "y": [[126.72, 339.84], [218.88, 523.2], [175.68, 398.40000000000003], []], "dt": 14.990934371948242}