{"pdf": "Demolab/build/Mechanics/N20/Demonstrator_and_cart/Demonstrator_and_cart.pdf", "x": [[160.4458398744113, 502.4740973312402], []], "y": [[140.16, 315.84000000000003], []], "dt": 5.909026861190796}