{"pdf": "Demolab/build/Oscillations_and_Waves/A15/Physical_pendulum__1__-_Compound_pendulum/Physical_pendulum__1__-_Compound_pendulum.pdf", "x": [[155.6420722135008, 514.0031397174254], [287.265306122449, 409.28100470957617], [268.0502354788069, 419.8492935635793], [293.02982731554164, 406.39874411302986]], "y": [[163.2, 392.64], [370.56, 514.56], [239.04, 385.91999999999996], [198.72, 303.36]], "dt": 16.46337103843689}