{"pdf": "Demolab/build/Electricity_and_Magnetism/G20/Barkhausen_effect__2/Barkhausen_effect__2.pdf", "x": [[238.08800000000002, 438.7347419354839], []], "y": [[131.53249714937286, 336.0319270239453], []], "dt": 6.34054970741272}