{"pdf": "Demolab/build/Electricity_and_Magnetism/K10/Damped_galvanometer/Damped_galvanometer.pdf", "x": [[175.68590322580647, 487.69638709677423], [175.68590322580647, 476.17600000000004], [], [262.0888064516129, 398.4133870967742]], "y": [[130.57240592930444, 283.22690992018244], [150.73432155074116, 408.0387685290764], [], [151.69441277080958, 412.8392246294185]], "dt": 26.614033937454224}