{"pdf": "Demolab/build/Mechanics/E30/Coriolis__2_/Coriolis__2_.pdf", "x": [[150.83830455259027, 542.8257456828885], [288.22605965463106, 413.12401883830455], [222.89481946624804, 462.1224489795918, 297.83359497645216, 402.5557299843014], [249.79591836734696, 442.9073783359497, 215.2087912087912, 464.04395604395603], [177.73940345368916, 514.0031397174254]], "y": [[135.35999999999999, 524.1600000000001], [332.15999999999997, 500.15999999999997], [74.88, 336.96000000000004, 418.55999999999995, 657.6], [132.48, 312.0, 365.76, 588.48], [150.72, 376.32]], "dt": 34.62759184837341}