{"pdf": "Demolab/build/Mechanics/E30/Coriolis__2_/Coriolis__2_.pdf", "x": [[144.11302982731553, 549.5510204081633], [280.54003139717423, 413.12401883830455], [213.28728414442702, 457.31868131868134, 284.3830455259027, 411.20251177394033], [256.5211930926217, 442.9073783359497, 210.4050235478807, 465.96546310832025], [175.81789638932497, 510.16012558869704]], "y": [[135.35999999999999, 528.0], [328.32, 499.2], [72.0, 336.0, 426.24, 662.4], [136.32, 307.2, 375.36, 583.68], [153.6, 367.68]], "dt": 42.65324568748474}