{"pdf": "Demolab/build/Electricity_and_Magnetism/K10/Skipping_rope/Skipping_rope.pdf", "x": [[169.09262166405023, 492.8665620094191], [245.95290423861854, 408.3202511773941], [231.54160125588695, 430.4175824175824], []], "y": [[124.8, 437.76], [122.88, 456.96000000000004], [76.8, 374.4], []], "dt": 26.500828504562378}