{"pdf": "Demolab/build/Fluid_Mechanics/B20/Rotating_liquid/Rotating_liquid.pdf", "x": [[258.4427001569859, 403.5164835164835], [269.9717425431711, 388.1444270015699, 244.03139717425432, 409.28100470957617], [259.403453689168, 405.4379905808477]], "y": [[120.96000000000001, 416.63999999999993], [209.27999999999997, 312.0, 433.91999999999996, 606.72], [156.48, 322.56]], "dt": 23.474814653396606}