{"pdf": "Demolab/build/Mechanics/E10/Galilean_cart/Galilean_cart.pdf", "x": [[149.87755102040816, 514.0031397174254], [184.46467817896388, 489.98430141287287], []], "y": [[115.19999999999999, 339.84], [182.4, 388.8], []], "dt": 18.06559681892395}