{"pdf": "Demolab/build/Electricity_and_Magnetism/N10/Microwave_oven/Microwave_oven.pdf", "x": [[169.92570967741935, 482.89622580645164], [141.12474193548388, 436.8146774193549, 172.8058064516129, 493.4565806451613], []], "y": [[133.4526795895097, 397.4777651083238], [154.5746864310148, 296.66818700114027, 373.47548460661346, 639.4207525655644], []], "dt": 19.250858068466187}