{"pdf": "Demolab/build/Electricity_and_Magnetism/B20/Gauss's_law/Gauss's_law.pdf", "x": [[148.91679748822608, 511.1208791208791], [244.03139717425432, 428.49607535321826], [215.2087912087912, 400.6342229199372]], "y": [[137.28, 486.71999999999997], [471.35999999999996, 601.92], [243.83999999999997, 456.96000000000004]], "dt": 22.106414079666138}