{"pdf": "Demolab/build/Mechanics/Q40/Colliding_magnets/Colliding_magnets.pdf", "x": [[225.77708006279434, 448.6718995290424], [191.18995290423862, 460.20094191522765]], "y": [[128.64, 269.76], [136.32, 268.8]], "dt": 7.974471092224121}