{"pdf": "Demolab/build/Mechanics/Q40/Spinning_bouncing_ball/Spinning_bouncing_ball.pdf", "x": [[152.75981161695447, 500.552590266876], [245.95290423861854, 453.4756671899529, 240.1883830455259, 449.6326530612245], []], "y": [[125.75999999999999, 413.76000000000005], [143.04, 317.76, 449.28, 628.8], []], "dt": 16.73413324356079}