{"pdf": "Demolab/build/Mechanics/N20/Pulling_a_slackened_rope/Pulling_a_slackened_rope.pdf", "x": [[167.17111459968604, 489.98430141287287]], "y": [[123.84, 298.56]], "dt": 4.576038360595703}