{"pdf": "Demolab/build/Mechanics/Q10/Bicycle-wheel_pendulum/Bicycle-wheel_pendulum.pdf", "x": [[268.8090322580645, 409.9337741935484], [201.60677419354838, 457.93538709677426], []], "y": [[145.93386545039908, 413.7993158494869], [165.13568985176738, 506.92816419612313], []], "dt": 11.198145151138306}