{"pdf": "Demolab/build/Oscillations_and_Waves/A15/Physical_pendulum__3__Oscillating_ring/Physical_pendulum__3__Oscillating_ring.pdf", "x": [[198.87598116169545, 476.5337519623234], [270.93249607535324, 394.8697017268446, 284.3830455259027, 417.9277864992151], []], "y": [[135.35999999999999, 281.28000000000003], [252.48, 371.52000000000004, 479.04, 585.6], []], "dt": 11.085710287094116}