{"pdf": "Demolab/build/Optics/A40/Curved_lightbeams/Curved_lightbeams.pdf", "x": [[146.03453689167975, 504.3956043956044], [152.75981161695447, 496.70957613814755]], "y": [[126.72, 555.8399999999999], [113.28, 294.72]], "dt": 15.491798877716064}