{"pdf": "Demolab/build/Optics/A40/Curved_lightbeams/Curved_lightbeams.pdf", "x": [[149.87755102040816, 499.5918367346939], [154.6813186813187, 499.5918367346939]], "y": [[129.6, 564.48], [117.12, 289.92]], "dt": 12.895817518234253}