{"pdf": "Demolab/build/Mechanics/K20/Pulling_a_sliding_block/Pulling_a_sliding_block.pdf", "x": [[213.28728414442702, 456.3579277864992], [215.2087912087912, 439.0643642072214]], "y": [[113.28, 265.92], [139.2, 299.52]], "dt": 9.359733819961548}