{"pdf": "Demolab/build/Mechanics/K20/Pulling_a_sliding_block/Pulling_a_sliding_block.pdf", "x": [[212.3265306122449, 461.1616954474098], [220.97331240188382, 440.98587127158555]], "y": [[111.35999999999999, 262.08000000000004], [140.16, 303.36]], "dt": 8.879014730453491}