{"pdf": "Demolab/build/Mechanics/N10/Sliding_ladder/Sliding_ladder.pdf", "x": [[147.95604395604397, 514.0031397174254], [273.81475667189954, 391.02668759811615]], "y": [[114.24000000000001, 287.04], [220.8, 374.4]], "dt": 8.316324949264526}