{"pdf": "Demolab/build/Mechanics/N20/Magnet_symmetry/Magnet_symmetry.pdf", "x": [[209.4442700156986, 469.8084772370487], [246.91365777080063, 404.47723704866564]], "y": [[147.84, 286.08], [347.52, 563.52]], "dt": 8.076608180999756}