{"pdf": "Demolab/build/Mechanics/D40/Centre_of_ratation/Centre_of_ratation.pdf", "x": [[144.11302982731553, 516.8854003139718], [191.18995290423862, 470.7692307692308], [224.81632653061226, 429.45682888540034], []], "y": [[126.72, 339.84], [250.55999999999997, 671.04], [393.59999999999997, 650.88], []], "dt": 22.0475652217865}