{"pdf": "Demolab/build/Mechanics/D40/Centre_of_rotation/Centre_of_rotation.pdf", "x": [[131.52441935483873, 528.0177419354839], [208.327, 452.1751935483871], [216.96729032258065, 432.9745483870968], []], "y": [[135.3728620296465, 360.03420752565563], [306.2690992018244, 692.2257696693273], [423.40022805017105, 683.5849486887115], []], "dt": 21.515282154083252}