{"pdf": "Demolab/build/Oscillations_and_Waves/B22/Handheld_standing_waves/Handheld_standing_waves.pdf", "x": [[204.64050235478808, 460.20094191522765], [289.1868131868132, 379.4976452119309], []], "y": [[112.32, 328.32], [370.56, 612.48], []], "dt": 17.73189115524292}