{"pdf": "Demolab/build/Modern_Physics/A50/deBroglie_applied_to_Bohr/deBroglie_applied_to_Bohr.pdf", "x": [[171.84577419354838, 486.7363548387097], [145.92490322580645, 519.3774516129032], []], "y": [[158.4150513112885, 374.4355758266819], [200.65906499429875, 473.3249714937286], []], "dt": 9.724419593811035}