{"pdf": "Demolab/build/Mechanics/Q20/Rolling_down_a_wide_gutter/Rolling_down_a_wide_gutter.pdf", "x": [[172.93563579277867, 494.78806907378333], []], "y": [[140.16, 222.71999999999997], []], "dt": 6.209084510803223}