{"pdf": "Demolab/build/Mechanics/N20/Inelastic_collisions/Inelastic_collisions.pdf", "x": [[142.19152276295134, 475.5729984301413], [142.19152276295134, 303.5981161695447, 315.12715855573003, 442.9073783359497]], "y": [[111.35999999999999, 383.04], [389.76, 494.40000000000003, 399.36, 495.36]], "dt": 18.514655828475952}