{"pdf": "Demolab/build/Electricity_and_Magnetism/H30/Force_on_electrons_in_a_magnetic_field__1_/Force_on_electrons_in_a_magnetic_field__1_.pdf", "x": [[191.04641935483872, 465.61564516129033], [188.16632258064516, 477.1360322580646], [189.1263548387097, 478.09606451612905, 182.40612903225806, 483.8562580645161], [192.96648387096778, 470.4158064516129, 141.12474193548388, 524.1776129032258], [217.92732258064518, 450.2551290322581]], "y": [[157.45496009122007, 311.06955530216646], [299.5484606613455, 447.4025085518814], [116.17103762827821, 305.309007981756, 450.2827822120866, 642.3010262257698], [162.25541619156215, 322.59064994298745, 417.6396807297605, 685.5051311288483], [245.78335233751426, 386.91676168757124]], "dt": 33.8073034286499}