{"pdf": "Demolab/build/Mechanics/N20/Elastic_collisions/Elastic_collisions.pdf", "x": [[152.64512903225807, 507.85706451612907], [], [217.92732258064518, 426.25432258064524, 181.44609677419353, 463.69558064516133], []], "y": [[122.89167616875713, 234.26225769669327], [], [151.69441277080958, 355.2337514253135, 423.40022805017105, 623.0992018244013], []], "dt": 18.112567901611328}