{"pdf": "Demolab/build/Mechanics/Q50/Precession__3b_/Precession__3b_.pdf", "x": [[267.0894819466248, 417.9277864992151], [150.83830455259027, 369.89010989010984]], "y": [[114.24000000000001, 347.52], [265.92, 443.52000000000004]], "dt": 8.967689990997314}