{"pdf": "Demolab/build/Mechanics/N20/Knock-out/Knock-out.pdf", "x": [[269.9717425431711, 392.9481946624804], [259.403453689168, 399.67346938775506]], "y": [[139.2, 374.4], [394.56, 560.64]], "dt": 9.576479196548462}