{"pdf": "Demolab/build/Mechanics/N20/Knock-out/Knock-out.pdf", "x": [[267.0894819466248, 394.8697017268446], [266.1287284144427, 397.7519623233909]], "y": [[135.35999999999999, 372.47999999999996], [391.68, 561.6]], "dt": 8.280253648757935}