{"pdf": "Demolab/build/Mechanics/E30/Coriolis_merry-go-round/Coriolis_merry-go-round.pdf", "x": [[179.52603225806453, 489.6164516129033], [], [], []], "y": [[145.93386545039908, 611.5781071835804], [], [], []], "dt": 8.542288780212402}