{"pdf": "Demolab/build/Mechanics/Q50/Precession__3a_/Precession__3a_.pdf", "x": [[274.7755102040816, 416.967032967033], [154.6813186813187, 287.265306122449, 293.02982731554164, 433.2998430141287]], "y": [[105.6, 303.36], [186.23999999999998, 331.2, 188.16, 336.96000000000004]], "dt": 8.66432499885559}