{"pdf": "Demolab/build/Mechanics/Q10/Matchbox_and_wineglass/Matchbox_and_wineglass.pdf", "x": [[244.99215070643643, 419.8492935635793], []], "y": [[126.72, 336.96000000000004], []], "dt": 6.856855392456055}