{"pdf": "Demolab/build/Mechanics/Q60/rugbyball/rugbyball.pdf", "x": [[160.4458398744113, 507.2778649921507], [266.1287284144427, 398.71271585557304, 274.7755102040816, 399.67346938775506]], "y": [[123.84, 306.24], [112.32, 211.2, 298.56, 382.08]], "dt": 11.169673681259155}