{"pdf": "Demolab/build/Mechanics/K10/Boomerang_ball__2_/Boomerang_ball__2_.pdf", "x": [[144.00483870967744, 495.37664516129036], [189.1263548387097, 451.2151612903226], [209.28703225806453, 471.37583870967745]], "y": [[136.33295324971496, 380.19612314709235], [195.85860889395667, 703.7468643101482], [368.6750285062714, 543.4116305587229]], "dt": 13.387631893157959}