{"pdf": "Demolab/build/Mechanics/K10/Boomerang_ball__2_/Boomerang_ball__2_.pdf", "x": [[133.44448387096773, 493.4565806451613], [143.0448064516129, 450.2551290322581], [208.327, 470.4158064516129]], "y": [[129.61231470923602, 377.3158494868871], [192.01824401368302, 703.7468643101482], [369.63511972633984, 584.6955530216648]], "dt": 22.019221544265747}