{"pdf": "Demolab/build/Mechanics/Q40/Dumb-bell/Dumb-bell.pdf", "x": [[146.03453689167975, 566.8445839874411], [288.22605965463106, 416.00627943485085], [277.65777080062793, 416.967032967033]], "y": [[125.75999999999999, 292.8], [141.12, 425.28000000000003], [185.28, 460.79999999999995]], "dt": 10.153563499450684}