{"pdf": "Demolab/build/Oscillations_and_Waves/B10/Transverse_travelling_wave__1_/Transverse_travelling_wave__1_.pdf", "x": [[142.19152276295134, 311.2841444270016], []], "y": [[161.28, 553.92], []], "dt": 6.190967798233032}