{"pdf": "Demolab/build/Thermodynamics/F30/Dippy_bird/Dippy_bird.pdf", "x": [[155.52522580645163, 500.17680645161295], [230.40774193548387, 427.2143548387097], [220.80741935483871, 415.69396774193547]], "y": [[134.4127708095781, 373.47548460661346], [233.30216647662485, 432.0410490307868], [85.44811858608894, 288.02736602052454]], "dt": 11.415266513824463}