{"pdf": "Demolab/build/Electricity_and_Magnetism/N10/electromagnetic_waves/electromagnetic_waves.pdf", "x": [[132.48445161290323, 567.3790645161291], [132.48445161290323, 565.459], [157.44529032258066, 582.7395806451613], [], []], "y": [[144.97377423033066, 662.4629418472064], [96.00912200684151, 384.99657924743445], [286.1071835803877, 561.6533637400228], [], []], "dt": 26.83907175064087}