{"pdf": "Demolab/build/Optics/D30/Newton's_rings__1_/Newton's_rings__1_.pdf", "x": [[181.44609677419353, 490.57648387096776], [146.88493548387098, 523.2175806451613, 226.5676129032258, 415.69396774193547], []], "y": [[119.05131128848346, 348.5131128848347], [152.654503990878, 373.47548460661346, 509.80843785632845, 667.2633979475485], []], "dt": 15.45157241821289}