{"pdf": "Demolab/build/Oscillations_and_Waves/A95/Fakir/Fakir.pdf", "x": [[220.01255886970173, 450.5934065934066], []], "y": [[113.28, 298.56], []], "dt": 5.40167498588562}