{"pdf": "Demolab/build/Mechanics/D40/Centre_of_mass/Centre_of_mass.pdf", "x": [[132.48445161290323, 541.4581935483872], [153.60516129032257, 536.6580322580645], []], "y": [[134.4127708095781, 352.3534777651083], [195.85860889395667, 522.2896237172178], []], "dt": 21.155727863311768}