{"pdf": "Demolab/build/Thermodynamics/F10/Falling_down_or_falling_up/Falling_down_or_falling_up.pdf", "x": [[264.2072213500785, 416.00627943485085], []], "y": [[115.19999999999999, 263.03999999999996], []], "dt": 5.666923999786377}