{"pdf": "Demolab/build/Thermodynamics/F10/Irreversible_process/Irreversible_process.pdf", "x": [[156.6028257456829, 504.3956043956044], [150.83830455259027, 506.3171114599686]], "y": [[123.84, 186.23999999999998], [420.47999999999996, 531.84]], "dt": 13.15203070640564}