{"pdf": "Demolab/build/Mechanics/Q40/Tippe_top/Tippe_top.pdf", "x": [[138.34850863422292, 513.0423861852433], [238.2668759811617, 437.14285714285717], [218.09105180533751, 448.6718995290424], [293.02982731554164, 368.92935635792776]], "y": [[122.88, 256.32], [484.79999999999995, 675.84], [268.8, 475.2], [72.96, 285.12]], "dt": 15.505590200424194}