{"pdf": "Demolab/build/Mechanics/Q40/Tippe_top/Tippe_top.pdf", "x": [[143.15227629513345, 513.0423861852433], [237.30612244897958, 417.9277864992151], [218.09105180533751, 447.7111459968603], [305.51962323390893, 362.2040816326531]], "y": [[126.72, 256.32], [480.96000000000004, 671.04], [268.8, 479.04], [86.39999999999999, 287.04]], "dt": 16.651492595672607}