{"pdf": "Demolab/build/Mechanics/Q50/Nutation__2_/Nutation__2_.pdf", "x": [[170.05337519623234, 496.70957613814755], [159.48508634222918, 459.24018838304556], []], "y": [[116.16, 569.28], [142.07999999999998, 432.96], []], "dt": 17.726760149002075}