{"pdf": "Demolab/build/Mechanics/H10/Recoil_of_a_water-jet/Recoil_of_a_water-jet.pdf", "x": [[258.4427001569859, 438.10361067503925], [243.0706436420722, 423.6923076923077, 299.7551020408163, 377.5761381475667]], "y": [[120.96000000000001, 244.79999999999998], [136.32, 235.20000000000002, 356.16, 458.87999999999994]], "dt": 14.87095856666565}