{"pdf": "Demolab/build/Optics/D30/Oil_film/Oil_film.pdf", "x": [[173.89638932496075, 494.78806907378333], [256.5211930926217, 412.1632653061224], [276.69701726844585, 398.71271585557304], []], "y": [[114.24000000000001, 405.11999999999995], [192.95999999999998, 556.8], [182.4, 318.71999999999997], []], "dt": 13.363036155700684}