{"pdf": "Demolab/build/Mechanics/Q40/Bicycle_wheel_and_swivel_chair/Bicycle_wheel_and_swivel_chair.pdf", "x": [[253.44851612903224, 405.1336129032258], [], [181.44609677419353, 438.7347419354839, 224.6475483870968, 431.0544838709678], [235.20790322580646, 421.4541612903226], [211.20709677419356, 418.57406451612906]], "y": [[182.41733181299887, 453.1630558722919], [], [156.49486887115165, 337.9521094640821, 485.806157354618, 658.6225769669327], [329.31128848346634, 606.7776510832383], [117.13112884834663, 423.40022805017105]], "dt": 16.372197151184082}