{"pdf": "Demolab/build/Mechanics/Q40/Bicycle_wheel_and_swivel_chair/Bicycle_wheel_and_swivel_chair.pdf", "x": [[247.68832258064518, 404.17358064516134], [], [250.5684193548387, 430.09445161290324, 259.2087096774194, 418.57406451612906], [242.8881612903226, 409.9337741935484], [225.6075806451613, 413.77390322580646]], "y": [[181.45724059293045, 453.1630558722919], [], [154.5746864310148, 342.7525655644242, 484.8460661345496, 658.6225769669327], [332.1915621436716, 607.7377423033067], [126.73204104903078, 417.6396807297605]], "dt": 39.1459858417511}