{"pdf": "Demolab/build/Mechanics/L20/Kepler's_second_law/Kepler's_second_law.pdf", "x": [[130.5643870967742, 520.3374838709677], [207.3669677419355, 454.09525806451614], [229.44770967741937, 402.2535161290323]], "y": [[133.4526795895097, 300.5085518814139], [162.25541619156215, 536.6909920182441], [174.73660205245156, 289.9475484606613]], "dt": 15.104206800460815}