{"pdf": "Demolab/build/Mechanics/L20/Kepler's_second_law/Kepler's_second_law.pdf", "x": [[136.3245806451613, 519.3774516129032], [212.16712903225806, 453.1352258064516], [231.3677741935484, 407.0536774193548]], "y": [[134.4127708095781, 300.5085518814139], [166.0957810718358, 534.7708095781072], [173.77651083238314, 285.1470923603193]], "dt": 13.838052034378052}