{"pdf": "Demolab/build/Thermodynamics/B30/Cooling_by_insulation/Cooling_by_insulation.pdf", "x": [[145.07378335949764, 551.4725274725275], [238.2668759811617, 446.75039246467816], [250.75667189952907, 469.8084772370487]], "y": [[148.79999999999998, 441.6], [273.6, 365.76], [339.84, 429.12000000000006]], "dt": 12.77932095527649}