{"pdf": "Demolab/build/Mechanics/Q40/How_an_astronaut_can_turn_around_in_free_space/How_an_astronaut_can_turn_around_in_free_space.pdf", "x": [[230.5808477237049, 444.82888540031394], []], "y": [[147.84, 381.12], []], "dt": 6.1245200634002686}