{"pdf": "Demolab/build/Mechanics/N20/Colliding_balls__1_/Colliding_balls__1_.pdf", "x": [[255.56043956043956, 429.45682888540034], [318.0094191522763, 385.26216640502355, 317.04866562009414, 384.30141287284147, 309.3626373626374, 388.1444270015699], [295.91208791208794, 401.5949764521193, 306.480376766091, 398.71271585557304], [277.65777080062793, 382.37990580847725, 149.87755102040816, 257.48194662480375]], "y": [[125.75999999999999, 314.88], [191.04, 292.8, 352.32, 457.91999999999996, 542.4, 647.0400000000001], [140.16, 256.32, 327.36, 436.8], [129.6, 211.2, 292.8, 349.44]], "dt": 29.622352600097656}