{"pdf": "Demolab/build/Mechanics/N20/Colliding_balls__1_/Colliding_balls__1_.pdf", "x": [[249.79591836734696, 433.2998430141287], [297.83359497645216, 390.065934065934, 318.0094191522763, 389.10518053375193, 306.480376766091, 389.10518053375193], [301.67660910518055, 405.4379905808477, 303.5981161695447, 406.39874411302986], [269.9717425431711, 392.9481946624804]], "y": [[121.91999999999999, 317.76], [184.32, 306.24, 351.36, 467.52000000000004, 537.6, 656.64], [144.96, 258.24, 329.28000000000003, 449.28], [130.56, 215.04000000000002]], "dt": 41.715187549591064}