{"pdf": "Demolab/build/Mechanics/Q10/Physical_pendulum__2_/Physical_pendulum__2_.pdf", "x": [[196.95447409733123, 477.4945054945055], [264.2072213500785, 391.02668759811615, 244.99215070643643, 426.57456828885404]], "y": [[124.8, 275.52000000000004], [230.39999999999998, 348.48, 412.8, 511.68000000000006]], "dt": 27.193949699401855}