{"pdf": "Demolab/build/Optics/A10/Corner_cube/Corner_cube.pdf", "x": [[151.79905808477235, 509.1993720565149], [219.05180533751962, 439.0643642072214, 249.79591836734696, 420.8100470957614], []], "y": [[113.28, 551.0400000000001], [221.76000000000002, 370.56, 445.43999999999994, 567.36], []], "dt": 13.89130711555481}