{"pdf": "Demolab/build/Mechanics/D40/Bungee_jumper/Bungee_jumper.pdf", "x": [[130.5643870967742, 523.2175806451613], [141.12474193548388, 460.81548387096774, 140.16470967741935, 480.01612903225805], []], "y": [[134.4127708095781, 373.47548460661346], [190.09806157354618, 396.5176738882554, 481.96579247434437, 686.4652223489168], []], "dt": 29.246193170547485}