{"pdf": "Demolab/build/Electricity_and_Magnetism/B10/Charge_is_on_the_outside/Charge_is_on_the_outside.pdf", "x": [[187.3469387755102, 519.7676609105181], [285.34379905808476, 429.45682888540034, 287.265306122449, 430.4175824175824], []], "y": [[127.68, 397.44], [201.59999999999997, 389.76, 468.48, 661.44], []], "dt": 15.618728876113892}