{"pdf": "Demolab/build/Thermodynamics/F30/Stirling_engine/Stirling_engine.pdf", "x": [[139.309262166405, 530.3359497645212], [271.8932496075353, 407.35949764521195], [198.87598116169545, 485.1805337519623]], "y": [[112.32, 315.84000000000003], [219.84, 391.68], [82.56, 297.59999999999997]], "dt": 12.625687837600708}