{"pdf": "Demolab/build/Oscillations_and_Waves/A10/Chaotic_pendulum/Chaotic_pendulum.pdf", "x": [[201.60677419354838, 528.0177419354839], [250.5684193548387, 411.8538387096774], [202.5668064516129, 457.93538709677426], [230.40774193548387, 437.77470967741937], [236.167935483871, 443.53490322580643]], "y": [[169.93614595210946, 556.8529076396807], [208.33979475484605, 682.6248574686431], [155.53477765108323, 354.27366020524516], [508.84834663626, 673.023945267959], [123.85176738882554, 263.0649942987457]], "dt": 19.713471174240112}