{"pdf": "Demolab/build/Oscillations_and_Waves/A10/Chaotic_pendulum/Chaotic_pendulum.pdf", "x": [[193.92651612903228, 501.1368387096774], [254.4085483870968, 415.69396774193547], [211.20709677419356, 451.2151612903226], [248.64835483870968, 438.7347419354839], [240.96809677419355, 437.77470967741937]], "y": [[168.01596351197264, 539.5712656784492], [211.22006841505132, 673.023945267959], [168.97605473204106, 347.5530216647663], [519.4093500570126, 673.023945267959], [127.6921322690992, 260.18472063854045]], "dt": 26.76811122894287}