{"pdf": "Demolab/build/Oscillations_and_Waves/B40/Doppler/Doppler.pdf", "x": [[151.79905808477235, 512.0816326530612], [213.28728414442702, 454.436420722135], [269.9717425431711, 372.7723704866562], []], "y": [[112.32, 388.8], [190.07999999999998, 308.16], [188.16, 313.92], []], "dt": 14.429533243179321}