{"pdf": "Demolab/build/Mechanics/A20/Hooke's_law/Hooke's_law.pdf", "x": [[190.2291993720565, 459.24018838304556], []], "y": [[134.4, 527.04], []], "dt": 7.641757249832153}