{"pdf": "Demolab/build/Mechanics/H10/Who_is_the_strongest_in_a_collision/Who_is_the_strongest_in_a_collision.pdf", "x": [[220.01255886970173, 486.1412872841444], [145.07378335949764, 523.6106750392465]], "y": [[135.35999999999999, 349.44], [201.59999999999997, 389.76]], "dt": 14.175449132919312}