{"pdf": "Demolab/build/Mechanics/H10/Who_is_the_strongest_in_a_collision/Who_is_the_strongest_in_a_collision.pdf", "x": [[212.3265306122449, 489.0235478806907], [141.23076923076923, 528.414442700157]], "y": [[136.32, 345.59999999999997], [195.84, 390.72]], "dt": 8.94730019569397}