{"pdf": "Demolab/build/Mechanics/H10/Magnet_symmetry/Magnet_symmetry.pdf", "x": [[207.52276295133439, 471.7299843014129], [240.1883830455259, 423.6923076923077]], "y": [[145.92, 288.0], [346.56, 552.96]], "dt": 10.171166181564331}