{"pdf": "Demolab/build/Optics/A70/Magnifying_glass/Magnifying_glass.pdf", "x": [[140.27001569858712, 529.3751962323391], [], [194.07221350078495, 460.20094191522765], []], "y": [[112.32, 248.64000000000001], [], [72.0, 411.84000000000003], []], "dt": 12.28641963005066}