{"pdf": "Demolab/build/Mechanics/K20/Sliding_towel/Sliding_towel.pdf", "x": [[166.21036106750392, 505.35635792778646]], "y": [[115.19999999999999, 343.68]], "dt": 4.6871178150177}