{"pdf": "Demolab/build/Mechanics/K20/Braking/Braking.pdf", "x": [[130.5643870967742, 552.0185483870968], [142.08477419354838, 592.3399032258064, 283.2095161290323, 459.85545161290327], []], "y": [[136.33295324971496, 577.9749144811858], [178.5769669327252, 353.31356898517674, 477.1653363740023, 597.1767388825541], []], "dt": 18.534837007522583}