{"pdf": "Demolab/build/Mechanics/Q10/Pirouette/Pirouette.pdf", "x": [[168.13186813186815, 484.2197802197802]], "y": [[153.6, 286.08]], "dt": 7.54537034034729}