{"pdf": "Demolab/build/Mechanics/E20/Coriolis__1_/Coriolis__1_.pdf", "x": [[153.72056514913658, 552.4332810047096], [293.02982731554164, 418.8885400313972], [259.403453689168, 470.7692307692308], [325.69544740973316, 399.67346938775506]], "y": [[124.8, 496.32000000000005], [269.76, 571.1999999999999], [144.0, 617.28], [159.35999999999999, 243.83999999999997]], "dt": 16.999542474746704}