{"pdf": "Demolab/build/Mechanics/E20/Coriolis__1_/Coriolis__1_.pdf", "x": [[147.95604395604397, 553.3940345368917], [286.3045525902669, 424.6530612244898], [250.75667189952907, 471.7299843014129], [319.9309262166405, 403.5164835164835]], "y": [[123.84, 498.24000000000007], [264.96, 574.08], [138.24, 620.1600000000001], [160.32, 251.51999999999998]], "dt": 19.799156427383423}