{"pdf": "Demolab/build/Mechanics/N22/Recoil_of_a_water-jet/Recoil_of_a_water-jet.pdf", "x": [[267.0894819466248, 440.98587127158555], [240.1883830455259, 425.6138147566719, 291.1083202511774, 376.61538461538464]], "y": [[115.19999999999999, 245.76], [131.51999999999998, 236.15999999999997, 355.2, 468.48]], "dt": 18.914489269256592}