{"pdf": "Demolab/build/Mechanics/N22/Recoil_of_a_water-jet/Recoil_of_a_water-jet.pdf", "x": [[202.71899529042386, 441.94662480376763], [244.99215070643643, 421.77080062794346, 290.1475667189953, 377.5761381475667]], "y": [[124.8, 244.79999999999998], [133.44, 236.15999999999997, 355.2, 464.64]], "dt": 9.345848798751831}