{"pdf": "Demolab/build/Mechanics/K20/Phonebook_friction/Phonebook_friction.pdf", "x": [[197.91522762951334, 470.7692307692308]], "y": [[113.28, 258.24]], "dt": 5.5228681564331055}