{"pdf": "Demolab/build/Mechanics/K20/Phonebook_friction/Phonebook_friction.pdf", "x": [[211.3657770800628, 469.8084772370487]], "y": [[116.16, 256.32]], "dt": 3.8792269229888916}