{"pdf": "Demolab/build/Mechanics/K20/Moving_two_fingers_under_a_meterstick/Moving_two_fingers_under_a_meterstick.pdf", "x": [[145.07378335949764, 385.26216640502355], [150.83830455259027, 515.9246467817896], []], "y": [[170.88, 307.2], [489.59999999999997, 615.36], []], "dt": 12.973818063735962}