{"pdf": "Demolab/build/Mechanics/K20/Rope_on_a_table/Rope_on_a_table.pdf", "x": [[156.6028257456829, 505.35635792778646], [286.3045525902669, 382.37990580847725]], "y": [[125.75999999999999, 266.88], [179.51999999999998, 349.44]], "dt": 11.160666465759277}