{"pdf": "Demolab/build/Thermodynamics/C30/Boiling_to_freeze/Boiling_to_freeze.pdf", "x": [[137.28461290322582, 517.4573870967743], [209.28703225806453, 454.09525806451614, 212.16712903225806, 451.2151612903226], []], "y": [[129.61231470923602, 379.236031927024], [165.13568985176738, 371.5553021664766, 465.64424173318133, 683.5849486887115], []], "dt": 14.014536380767822}