{"pdf": "Demolab/build/Optics/C20/Diffraction_1_,_introduction/Diffraction_1_,_introduction.pdf", "x": [[177.73940345368916, 479.41601255886974], [279.57927786499215, 458.2794348508634], [294.9513343799058, 434.2605965463108], [295.91208791208794, 412.1632653061224]], "y": [[113.28, 447.35999999999996], [369.6, 618.24], [110.4, 358.08000000000004], [184.32, 467.52000000000004]], "dt": 16.94780468940735}