{"pdf": "Demolab/build/Electricity_and_Magnetism/K10/Damped_galvanometer/Damped_galvanometer.pdf", "x": [[181.44609677419353, 485.7763225806452], [174.72587096774194, 481.9361935483871], [], [269.76906451612905, 394.57325806451615]], "y": [[134.4127708095781, 281.3067274800456], [146.8939566704675, 408.0387685290764], [], [156.49486887115165, 413.7993158494869]], "dt": 17.851322412490845}