{"pdf": "Demolab/build/Electricity_and_Magnetism/C10/Capacitor__1__Spacing_between_the_plates/Capacitor__1__Spacing_between_the_plates.pdf", "x": [[149.87755102040816, 520.7284144427001], [155.6420722135008, 507.2778649921507, 159.48508634222918, 523.6106750392465], [171.01412872841445, 494.78806907378333, 157.56357927786502, 524.5714285714286], []], "y": [[169.92, 417.59999999999997], [168.96, 285.12, 417.59999999999997, 539.52], [108.47999999999999, 241.92000000000002, 308.16, 548.16], []], "dt": 30.13876724243164}