{"pdf": "Demolab/build/Mechanics/E10/Superballs/Superballs.pdf", "x": [[175.81789638932497, 492.8665620094191], [167.17111459968604, 500.552590266876], []], "y": [[149.76, 369.6], [264.96, 511.68000000000006], []], "dt": 12.332928895950317}