{"pdf": "Demolab/build/Mechanics/M10/How_much_work_to_break_a_soup-tureen/How_much_work_to_break_a_soup-tureen.pdf", "x": [[158.52433281004707, 504.3956043956044], []], "y": [[147.84, 295.68], []], "dt": 6.268035411834717}