{"pdf": "Demolab/build/Electricity_and_Magnetism/K30/Transformer/Transformer.pdf", "x": [[157.44529032258066, 497.29670967741936], [208.327, 459.85545161290327, 217.92732258064518, 445.4549677419355]], "y": [[119.05131128848346, 352.3534777651083], [120.01140250855188, 194.89851767388828, 280.3466362599772, 506.92816419612313]], "dt": 37.163419008255005}