{"pdf": "Demolab/build/Electricity_and_Magnetism/K30/Transformer/Transformer.pdf", "x": [[159.3653548387097, 496.3366774193549], [202.5668064516129, 459.85545161290327, 225.6075806451613, 442.57487096774196]], "y": [[123.85176738882554, 349.4732041049031], [120.01140250855188, 190.09806157354618, 285.1470923603193, 502.12770809578103]], "dt": 12.735706329345703}