{"pdf": "Demolab/build/Mechanics/H10/Magnet_symmetry/Magnet_symmetry.pdf", "x": [[210.4050235478807, 469.8084772370487], [248.83516483516485, 406.39874411302986]], "y": [[149.76, 286.08], [351.36, 560.64]], "dt": 9.625312328338623}