{"pdf": "Demolab/build/Mechanics/A40/Cross_product/Cross_product.pdf", "x": [[142.19152276295134, 535.1397174254316], [241.14913657770802, 467.88697017268447]], "y": [[125.75999999999999, 379.2], [183.35999999999999, 353.28]], "dt": 10.921374559402466}