{"pdf": "Demolab/build/Thermodynamics/B40/Stefan-Boltzmann_law_for_radiation/Stefan-Boltzmann_law_for_radiation.pdf", "x": [[161.4065934065934, 502.4740973312402], [244.99215070643643, 421.77080062794346], []], "y": [[149.76, 528.0], [242.88, 597.12], []], "dt": 15.934898138046265}