{"pdf": "Demolab/build/Mechanics/K20/No_tipping_allowed/No_tipping_allowed.pdf", "x": [[244.03139717425432, 418.8885400313972], [272.8540031397174, 397.7519623233909, 269.9717425431711, 407.35949764521195]], "y": [[111.35999999999999, 245.76], [148.79999999999998, 258.24, 303.36, 462.71999999999997]], "dt": 9.84481167793274}