{"pdf": "Demolab/build/Mechanics/K20/No_tipping_allowed/No_tipping_allowed.pdf", "x": [[237.30612244897958, 428.49607535321826], [261.3249607535322, 403.5164835164835, 278.61852433281, 395.8304552590267]], "y": [[115.19999999999999, 247.68], [151.68, 262.08000000000004, 312.0, 456.96000000000004]], "dt": 10.491917133331299}