{"pdf": "Demolab/build/Thermodynamics/C10/pdV/pdV.pdf", "x": [[182.5431711145997, 483.25902668759807], [155.6420722135008, 500.552590266876], [159.48508634222918, 507.2778649921507], [187.3469387755102, 465.96546310832025]], "y": [[113.28, 552.96], [260.16, 525.12], [74.88, 351.36], [78.72, 292.8]], "dt": 27.836728811264038}