{"pdf": "Demolab/build/Mechanics/Q50/Precession__3b_/Precession__3b_.pdf", "x": [[265.1679748822606, 424.6530612244898], [159.48508634222918, 268.0502354788069, 270.93249607535324, 374.6938775510204]], "y": [[110.4, 352.32], [274.56, 432.96, 273.6, 433.91999999999996]], "dt": 9.343603610992432}