{"pdf": "Demolab/build/Electricity_and_Magnetism/A40/Water_dropper/Water_dropper.pdf", "x": [[193.11145996860284, 465.96546310832025], [244.03139717425432, 394.8697017268446], [225.77708006279434, 443.86813186813185]], "y": [[127.68, 408.0], [299.52, 501.11999999999995], [168.0, 371.52000000000004]], "dt": 15.670299530029297}