{"pdf": "Demolab/build/Mechanics/Q60/Percussionpoint__2_/Percussionpoint__2_.pdf", "x": [[264.2072213500785, 396.7912087912088], [180.62166405023547, 493.82731554160125], []], "y": [[125.75999999999999, 331.2], [264.0, 410.88], []], "dt": 9.896777153015137}