{"pdf": "Demolab/build/Mechanics/N20/Inelastic_collisions/Inelastic_collisions.pdf", "x": [[147.95604395604397, 468.84772370486655], [139.309262166405, 304.55886970172685, 308.40188383045523, 451.5541601255887]], "y": [[113.28, 382.08], [402.24000000000007, 492.48, 402.24000000000007, 491.52]], "dt": 14.861850500106812}