{"pdf": "Demolab/build/Electricity_and_Magnetism/C20/Capacitor-_spacing_and_dielectric/Capacitor-_spacing_and_dielectric.pdf", "x": [[210.4050235478807, 466.92621664050233], [243.0706436420722, 414.08477237048663], [227.69858712715856, 443.86813186813185], []], "y": [[193.92, 500.15999999999997], [214.08, 472.31999999999994], [109.44, 516.48], []], "dt": 15.685364961624146}