{"pdf": "Demolab/build/Mechanics/Q40/Dumb-bell/Dumb-bell.pdf", "x": [[143.15227629513345, 565.883830455259], [283.42229199372053, 417.9277864992151], [293.02982731554164, 418.8885400313972]], "y": [[122.88, 294.72], [144.0, 422.4], [188.16, 461.76]], "dt": 13.137829780578613}