{"pdf": "Demolab/build/Oscillations_and_Waves/B10/Reflections_of_transverse_pulses__1_/Reflections_of_transverse_pulses__1_.pdf", "x": [[152.75981161695447, 518.806907378336], [158.52433281004707, 529.3751962323391, 157.56357927786502, 528.414442700157], []], "y": [[149.76, 432.96], [166.07999999999998, 284.15999999999997, 362.88, 480.96000000000004], []], "dt": 13.657304525375366}