{"pdf": "Demolab/build/Mechanics/A40/Cross_product/Cross_product.pdf", "x": [[140.27001569858712, 534.1789638932496], [235.3846153846154, 467.88697017268447]], "y": [[124.8, 376.32], [181.44, 353.28]], "dt": 14.507946729660034}