{"pdf": "Demolab/build/Mechanics/K20/Chain_friction/Chain_friction.pdf", "x": [[189.1263548387097, 479.0560967741936], [199.68670967741937, 443.53490322580643]], "y": [[120.01140250855188, 310.10946408209804], [185.2976054732041, 368.6750285062714]], "dt": 12.48244333267212}