{"pdf": "Demolab/build/Mechanics/K20/Chain_friction/Chain_friction.pdf", "x": [[187.20629032258066, 483.8562580645161], [208.327, 453.1352258064516]], "y": [[120.9714937286203, 301.4686431014823], [185.2976054732041, 368.6750285062714]], "dt": 14.404996633529663}