{"pdf": "Demolab/build/Optics/A60/Chromatic_aberration/Chromatic_aberration.pdf", "x": [[149.87755102040816, 513.0423861852433], [183.5039246467818, 487.1020408163265], []], "y": [[137.28, 341.76], [319.68, 475.2], []], "dt": 20.560832262039185}