{"pdf": "Demolab/build/Electricity_and_Magnetism/H40/parallel_wires/parallel_wires.pdf", "x": [[252.67817896389323, 414.08477237048663], [153.72056514913658, 328.5777080062794, 244.99215070643643, 414.08477237048663], []], "y": [[115.19999999999999, 427.20000000000005], [150.72, 338.88, 539.52, 668.16], []], "dt": 16.99712085723877}