{"pdf": "Demolab/build/Thermodynamics/C10/pdV/pdV.pdf", "x": [[174.85714285714286, 499.5918367346939], [167.17111459968604, 509.1993720565149], [179.66091051805336, 508.2386185243328], [176.77864992150705, 474.61224489795916]], "y": [[111.35999999999999, 557.76], [264.0, 524.1600000000001], [83.52, 347.52], [81.6, 290.88]], "dt": 21.485724687576294}