{"pdf": "Demolab/build/Mechanics/Q40/Colliding_magnets/Colliding_magnets.pdf", "x": [[218.09105180533751, 447.7111459968603], [203.67974882260597, 464.04395604395603]], "y": [[123.84, 270.71999999999997], [135.35999999999999, 274.56]], "dt": 8.087455034255981}