{"pdf": "Demolab/build/Mechanics/K20/Rope_on_a_table/Rope_on_a_table.pdf", "x": [[150.83830455259027, 506.3171114599686], [282.46153846153845, 386.2229199372057]], "y": [[123.84, 269.76], [178.56, 348.48]], "dt": 15.231716394424438}