{"pdf": "Demolab/build/Mechanics/K20/Sliding_towel/Sliding_towel.pdf", "x": [[158.52433281004707, 505.35635792778646]], "y": [[112.32, 346.56]], "dt": 5.620871305465698}