{"pdf": "Demolab/build/Thermodynamics/C31/Evaporating_ether/Evaporating_ether.pdf", "x": [[155.6420722135008, 508.2386185243328], []], "y": [[113.28, 383.04], []], "dt": 6.3441760540008545}