{"pdf": "Demolab/build/Fluid_Mechanics/B20/Rotating_liquid/Rotating_liquid.pdf", "x": [[263.24646781789636, 402.5557299843014], [277.65777080062793, 384.30141287284147, 254.59968602825745, 406.39874411302986], [252.67817896389323, 403.5164835164835]], "y": [[124.8, 419.52], [219.84, 315.84000000000003, 443.52000000000004, 605.76], [146.88, 318.71999999999997]], "dt": 41.36922025680542}