{"pdf": "Demolab/build/Mechanics/F20/Not_breaking_a_wine_glass/Not_breaking_a_wine_glass.pdf", "x": [[222.89481946624804, 454.436420722135]], "y": [[116.16, 255.36]], "dt": 5.278259515762329}