{"pdf": "Demolab/build/Mechanics/F20/Not_breaking_a_wine_glass/Not_breaking_a_wine_glass.pdf", "x": [[220.97331240188382, 457.31868131868134]], "y": [[110.4, 258.24]], "dt": 6.417321443557739}