{"pdf": "Demolab/build/Mechanics/L20/Precessing_orbit__1_/Precessing_orbit__1_.pdf", "x": [[217.92732258064518, 432.0145161290323], [246.72829032258065, 400.3334516129033], []], "y": [[133.4526795895097, 491.5667046750285], [402.2782212086659, 530.9304446978334], []], "dt": 12.038244485855103}