{"pdf": "Demolab/build/Oscillations_and_Waves/A40/Simple_harmonic_motion__SHM___1_/Simple_harmonic_motion__SHM___1_.pdf", "x": [[196.95447409733123, 478.4552590266876], [196.95447409733123, 469.8084772370487], []], "y": [[144.0, 451.2], [262.08000000000004, 576.0], []], "dt": 14.523028373718262}