{"pdf": "Demolab/build/Optics/C20/Diffraction_1_,_introduction/Diffraction_1_,_introduction.pdf", "x": [[171.97488226059656, 478.4552590266876], [274.7755102040816, 454.436420722135], [300.7158555729984, 436.18210361067503], [292.0690737833595, 426.57456828885404]], "y": [[112.32, 446.4], [365.76, 613.4399999999999], [114.24000000000001, 363.84000000000003], [185.28, 464.64]], "dt": 35.37267065048218}