{"pdf": "Demolab/build/Thermodynamics/B10/Joule's_experiment/Joule's_experiment.pdf", "x": [[150.83830455259027, 508.2386185243328], [231.54160125588695, 433.2998430141287], [244.99215070643643, 449.6326530612245]], "y": [[137.28, 453.12], [301.44, 524.1600000000001], [99.84, 340.8]], "dt": 14.899186611175537}