{"pdf": "Demolab/build/Thermodynamics/B10/Joule's_experiment/Joule's_experiment.pdf", "x": [[146.03453689167975, 512.0816326530612], [227.69858712715856, 430.4175824175824], [229.62009419152278, 448.6718995290424]], "y": [[132.48, 460.79999999999995], [297.59999999999997, 515.52], [101.75999999999999, 323.52000000000004]], "dt": 18.65126633644104}