{"pdf": "Demolab/build/Fluid_Mechanics/C20/Magnus_effect__1_/Magnus_effect__1_.pdf", "x": [[154.6813186813187, 514.9638932496075], [285.34379905808476, 392.9481946624804, 194.07221350078495, 478.4552590266876], []], "y": [[116.16, 418.55999999999995], [191.04, 262.08000000000004, 308.16, 485.76], []], "dt": 15.642688274383545}