{"pdf": "Demolab/build/Mechanics/Q40/Vibrating_stopwatch/Vibrating_stopwatch.pdf", "x": [[232.50235478806906, 429.45682888540034]], "y": [[112.32, 299.52]], "dt": 4.225640058517456}