{"pdf": "Demolab/build/Mechanics/Q40/Vibrating_stopwatch/Vibrating_stopwatch.pdf", "x": [[240.1883830455259, 440.02511773940347]], "y": [[119.03999999999999, 300.48]], "dt": 4.165320158004761}