{"pdf": "Demolab/build/Mechanics/Q50/Precession__1_/Precession__1_.pdf", "x": [[214.24803767660913, 468.84772370486655], [146.03453689167975, 380.458398744113], [263.24646781789636, 398.71271585557304]], "y": [[114.24000000000001, 365.76], [400.32000000000005, 574.08], [103.68, 210.23999999999998]], "dt": 12.49540090560913}