{"pdf": "Demolab/build/Modern_Physics/A50/Tunneling_1_/Tunneling_1_.pdf", "x": [[189.26844583987443, 475.5729984301413], [240.1883830455259, 427.5353218210361], [240.1883830455259, 429.45682888540034], []], "y": [[113.28, 502.08], [220.8, 571.1999999999999], [223.67999999999998, 449.28], []], "dt": 12.60404086112976}