{"pdf": "Demolab/build/Mechanics/E30/Cross_product/Cross_product.pdf", "x": [[138.34850863422292, 538.021978021978], [235.3846153846154, 468.84772370486655]], "y": [[122.88, 379.2], [180.48, 357.12]], "dt": 9.25181269645691}