{"pdf": "Demolab/build/Thermodynamics/B60/Smashing/Smashing.pdf", "x": [[172.8058064516129, 483.8562580645161], [189.1263548387097, 477.1360322580646], []], "y": [[155.53477765108323, 353.31356898517674], [151.69441277080958, 362.9144811858609], []], "dt": 15.837478637695312}