{"pdf": "Demolab/build/Optics/D10/Fresnel_double_mirror/Fresnel_double_mirror.pdf", "x": [[228.65934065934067, 440.02511773940347], [270.93249607535324, 386.2229199372057, 284.3830455259027, 382.37990580847725], [263.24646781789636, 385.26216640502355]], "y": [[115.19999999999999, 241.92000000000002], [169.92, 304.32, 373.44, 499.2], [131.51999999999998, 274.56]], "dt": 13.245094299316406}