{"pdf": "Demolab/build/Electricity_and_Magnetism/B20/Gauss's_law/Gauss's_law.pdf", "x": [[149.87755102040816, 512.0816326530612], [244.03139717425432, 431.3783359497645], [216.1695447409733, 409.28100470957617]], "y": [[139.2, 487.67999999999995], [469.44000000000005, 599.04], [239.04, 469.44000000000005]], "dt": 19.158021211624146}