{"pdf": "Demolab/build/Mechanics/H10/Bottle_rocket/Bottle_rocket.pdf", "x": [[131.52441935483873, 522.2575483870968], []], "y": [[172.8164196123147, 279.38654503990875], []], "dt": 7.2607948780059814}