{"pdf": "Demolab/build/Mechanics/E30/Coriolis__1b_/Coriolis__1b_.pdf", "x": [[175.68590322580647, 517.4573870967743], [296.6499677419355, 406.09364516129034]], "y": [[129.61231470923602, 428.2006841505131], [187.21778791334094, 280.3466362599772]], "dt": 8.906241178512573}