{"pdf": "Demolab/build/Mechanics/E30/Coriolis__1b_/Coriolis__1b_.pdf", "x": [[185.28622580645163, 516.4973548387097], [326.41096774193545, 403.21354838709675]], "y": [[132.49258836944128, 430.12086659064994], [195.85860889395667, 277.46636259977197]], "dt": 30.441215753555298}