{"pdf": "Demolab/build/Oscillations_and_Waves/B10/Speed_of_a_single_pulse_on_different_strings__2_/Speed_of_a_single_pulse_on_different_strings__2_.pdf", "x": [[220.80741935483871, 433.9345806451613], []], "y": [[158.4150513112885, 481.0057012542759], []], "dt": 6.927283763885498}