{"pdf": "Demolab/build/Astronomy/A10/Kepler's_third_law/Kepler's_third_law.pdf", "x": [[173.76583870967744, 481.9361935483871], []], "y": [[137.29304446978335, 521.3295324971493], []], "dt": 16.447935104370117}