{"pdf": "Demolab/build/Electricity_and_Magnetism/H40/Lorentz_force__1_/Lorentz_force__1_.pdf", "x": [[243.0706436420722, 435.22135007849295], [236.34536891679747, 417.9277864992151]], "y": [[112.32, 304.32], [120.96000000000001, 286.08]], "dt": 14.508285522460938}