{"pdf": "Demolab/build/Electricity_and_Magnetism/H40/Lorentz_force__1_/Lorentz_force__1_.pdf", "x": [[246.91365777080063, 432.3390894819466], [230.5808477237049, 425.6138147566719]], "y": [[114.24000000000001, 303.36], [112.32, 286.08]], "dt": 15.528488397598267}