{"pdf": "Demolab/build/Optics/B30/Radiation_pressure/Radiation_pressure.pdf", "x": [[276.69701726844585, 388.1444270015699], []], "y": [[127.68, 301.44], []], "dt": 7.126525640487671}