{"pdf": "Demolab/build/Thermodynamics/B20/Cooling_by_insulation/Cooling_by_insulation.pdf", "x": [[136.4270015698587, 547.6295133437991], [242.1098901098901, 440.98587127158555], [242.1098901098901, 480.3767660910518]], "y": [[146.88, 441.6], [286.08, 379.2], [338.88, 426.24]], "dt": 14.432765483856201}