{"pdf": "Demolab/build/Mechanics/Q10/Physical_pendulum__2_/Physical_pendulum__2_.pdf", "x": [[200.79748822605964, 476.5337519623234], [248.83516483516485, 403.5164835164835, 246.91365777080063, 421.77080062794346]], "y": [[123.84, 277.44], [228.48000000000002, 348.48, 412.8, 509.76000000000005]], "dt": 12.282971382141113}