{"pdf": "Demolab/build/Mechanics/Q40/Matchbox_and_wineglass/Matchbox_and_wineglass.pdf", "x": [[245.95290423861854, 422.7315541601256], []], "y": [[125.75999999999999, 336.96000000000004], []], "dt": 5.775453329086304}