{"pdf": "Demolab/build/Mechanics/N20/Explosion/Explosion.pdf", "x": [[181.44609677419353, 511.6971935483871], [221.76745161290322, 475.21596774193546], [138.24464516129032, 564.4989677419355, 170.88574193548388, 343.69154838709676], []], "y": [[135.3728620296465, 296.66818700114027], [457.963511972634, 611.5781071835804], [197.77879133409348, 418.59977194982895, 531.890535917902, 701.8266818700114], []], "dt": 23.487630367279053}