{"pdf": "Demolab/build/Mechanics/N30/Knock-out/Knock-out.pdf", "x": [[266.1287284144427, 394.8697017268446], [270.93249607535324, 406.39874411302986]], "y": [[134.4, 374.4], [404.15999999999997, 561.6]], "dt": 10.031277418136597}