{"pdf": "Demolab/build/Mechanics/N30/Knock-out/Knock-out.pdf", "x": [[269.010989010989, 393.90894819466246], [264.2072213500785, 397.7519623233909]], "y": [[137.28, 374.4], [392.64, 562.5600000000001]], "dt": 6.6519763469696045}