{"pdf": "Demolab/build/Mechanics/K10/Boomerang_ball__1_/Boomerang_ball__1_.pdf", "x": [[182.40612903225806, 493.4565806451613], [229.44770967741937, 453.1352258064516], [245.76825806451615, 441.61483870967743], []], "y": [[134.4127708095781, 366.7548460661345], [217.9407069555302, 693.1858608893957], [264.02508551881414, 679.7445838084378], []], "dt": 30.063634872436523}