{"pdf": "Demolab/build/Oscillations_and_Waves/B10/Speed_of_a_single_pulse_on_different_strings__1_/Speed_of_a_single_pulse_on_different_strings__1_.pdf", "x": [[166.08558064516131, 475.21596774193546], [141.12474193548388, 527.0577096774194]], "y": [[143.05359179019385, 306.2690992018244], [144.01368301026227, 291.86773090079816]], "dt": 13.649433374404907}