{"pdf": "Demolab/build/Oscillations_and_Waves/B10/Speed_of_a_single_pulse_on_different_strings__1_/Speed_of_a_single_pulse_on_different_strings__1_.pdf", "x": [[171.84577419354838, 480.01612903225805], [132.48445161290323, 544.3382903225806]], "y": [[143.05359179019385, 304.3489167616876], [146.8939566704675, 309.1493728620296]], "dt": 9.900107860565186}