{"pdf": "Demolab/build/Mechanics/G10/Pulling_a_thread/Pulling_a_thread.pdf", "x": [[168.13186813186815, 511.1208791208791], [264.2072213500785, 398.71271585557304], [260.36420722135006, 414.08477237048663]], "y": [[114.24000000000001, 346.56], [279.36, 420.47999999999996], [78.72, 215.99999999999997]], "dt": 13.871108293533325}