{"pdf": "Demolab/build/Electricity_and_Magnetism/F20/Fuse-wires_parallel/Fuse-wires_parallel.pdf", "x": [[212.3265306122449, 441.94662480376763], [244.03139717425432, 411.20251177394033, 289.1868131868132, 369.89010989010984], []], "y": [[137.28, 287.04], [135.35999999999999, 213.12, 462.71999999999997, 553.92], []], "dt": 16.22557544708252}