{"pdf": "Demolab/build/Mechanics/H10/Who_is_pulling/Who_is_pulling.pdf", "x": [[145.07378335949764, 509.1993720565149]], "y": [[115.19999999999999, 310.08000000000004]], "dt": 4.686142206192017}