{"pdf": "Demolab/build/Astronomy/A10/Precessing_orbit__1_/Precessing_orbit__1_.pdf", "x": [[217.92732258064518, 431.0544838709678], [242.8881612903226, 399.37341935483875], []], "y": [[136.33295324971496, 491.5667046750285], [404.19840364880275, 532.8506271379704], []], "dt": 12.130018949508667}