{"pdf": "Demolab/build/Mechanics/K20/Throwing_a_basketball/Throwing_a_basketball.pdf", "x": [[244.03139717425432, 438.10361067503925], [262.2857142857143, 415.04552590266877], []], "y": [[138.24, 301.44], [158.4, 486.71999999999997], []], "dt": 10.908132314682007}