{"pdf": "Demolab/build/Electricity_and_Magnetism/L20/Phase/Phase.pdf", "x": [[194.07221350078495, 467.88697017268447], [230.5808477237049, 441.94662480376763]], "y": [[123.84, 274.56], [121.91999999999999, 231.35999999999999]], "dt": 10.637969017028809}