{"pdf": "Demolab/build/Electricity_and_Magnetism/L20/Phase/Phase.pdf", "x": [[200.79748822605964, 464.04395604395603], [233.46310832025117, 431.3783359497645]], "y": [[126.72, 275.52000000000004], [123.84, 231.35999999999999]], "dt": 13.528594017028809}