{"pdf": "Demolab/build/Mechanics/N10/Bottle_rocket/Bottle_rocket.pdf", "x": [[131.52441935483873, 525.1376451612903], []], "y": [[172.8164196123147, 280.3466362599772], []], "dt": 6.121344566345215}