{"pdf": "Demolab/build/Electricity_and_Magnetism/H30/Force_on_electrons_in_a_magnetic_field__1_/Force_on_electrons_in_a_magnetic_field__1_.pdf", "x": [[187.20629032258066, 471.37583870967745], [183.36616129032257, 480.01612903225805], [186.24625806451616, 478.09606451612905, 179.52603225806453, 489.6164516129033], [192.00645161290322, 474.255935483871, 135.3645483870968, 527.0577096774194], [236.167935483871, 455.0552903225807]], "y": [[158.4150513112885, 315.87001140250857], [292.8278221208666, 453.1630558722919], [115.21094640820981, 307.22919042189284, 446.44241733181303, 645.1812998859749], [159.37514253135691, 326.43101482326114, 411.87913340935006, 683.5849486887115], [249.6237172177879, 386.91676168757124]], "dt": 62.42288780212402}