{"pdf": "Demolab/build/Mechanics/E30/Cross_product/Cross_product.pdf", "x": [[144.11302982731553, 535.1397174254316], [242.1098901098901, 467.88697017268447]], "y": [[125.75999999999999, 377.28000000000003], [184.32, 352.32]], "dt": 17.698899269104004}