{"pdf": "Demolab/build/Optics/H35/Brewster's_angle__1_/Brewster's_angle__1_.pdf", "x": [[158.40532258064516, 487.69638709677423], [244.80822580645165, 423.37422580645165], [], [231.3677741935484, 419.5340967741936], []], "y": [[146.8939566704675, 366.7548460661345], [250.58380843785633, 628.8597491448119], [], [82.56784492588369, 431.08095781071836], []], "dt": 20.20206880569458}