{"pdf": "Demolab/build/Mechanics/Q20/Dropping_rolls_of_toilet_paper/Dropping_rolls_of_toilet_paper.pdf", "x": [[188.16632258064516, 460.81548387096774], [279.36938709677423, 372.4925161290323]], "y": [[170.89623717217788, 393.6374002280502], [224.66134549600912, 342.7525655644242]], "dt": 6.9552576541900635}