{"pdf": "Demolab/build/Mechanics/Q20/Dropping_rolls_of_toilet_paper/Dropping_rolls_of_toilet_paper.pdf", "x": [[186.24625806451616, 461.77551612903227], [284.16954838709677, 373.4525483870968]], "y": [[168.01596351197264, 394.5974914481186], [227.54161915621435, 345.6328392246294]], "dt": 14.357245206832886}