{"pdf": "Demolab/build/Electricity_and_Magnetism/D20/Positive_temperature_coefficient/Positive_temperature_coefficient.pdf", "x": [[226.73783359497645, 446.75039246467816], []], "y": [[135.35999999999999, 305.28], []], "dt": 10.016106605529785}