{"pdf": "Demolab/build/Mechanics/L10/Weighing_the_earth/Weighing_the_earth.pdf", "x": [[155.6420722135008, 515.9246467817896], [193.11145996860284, 491.9058084772371], [153.72056514913658, 497.6703296703297], [158.52433281004707, 521.6891679748823, 169.09262166405023, 509.1993720565149], []], "y": [[123.84, 322.56], [178.56, 334.08], [85.44, 595.1999999999999], [107.52000000000001, 225.6, 360.96, 572.16], []], "dt": 26.60188317298889}