{"pdf": "Demolab/build/Mechanics/Q40/Pirouette/Pirouette.pdf", "x": [[176.77864992150705, 486.1412872841444]], "y": [[148.79999999999998, 283.20000000000005]], "dt": 4.0382726192474365}