{"pdf": "Demolab/build/Mechanics/Q40/Pirouette/Pirouette.pdf", "x": [[183.5039246467818, 484.2197802197802]], "y": [[149.76, 288.96000000000004]], "dt": 4.40595817565918}