{"pdf": "Demolab/build/Electricity_and_Magnetism/H50/Current_loop_in_magnetic_field/Current_loop_in_magnetic_field.pdf", "x": [[173.76583870967744, 483.8562580645161], [188.16632258064516, 477.1360322580646, 187.20629032258066, 478.09606451612905], [202.5668064516129, 464.6556129032258, 204.48687096774196, 460.81548387096774], [223.68751612903228, 419.5340967741936]], "y": [[145.93386545039908, 454.12314709236034], [152.654503990878, 346.59293044469786, 383.0763968072976, 597.1767388825541], [115.21094640820981, 377.3158494868871, 426.28050171037626, 533.8107183580388], [231.38198403648803, 445.48232611174456]], "dt": 26.16213607788086}