{"pdf": "Demolab/build/Electricity_and_Magnetism/H50/Current_loop_in_magnetic_field/Current_loop_in_magnetic_field.pdf", "x": [[168.00564516129035, 485.7763225806452], [183.36616129032257, 478.09606451612905, 181.44609677419353, 480.97616129032264], [194.88654838709678, 464.6556129032258, 199.68670967741937, 464.6556129032258], [230.40774193548387, 420.49412903225806]], "y": [[143.05359179019385, 457.00342075256555], [151.69441277080958, 351.3933865450399, 383.0763968072976, 603.897377423033], [113.29076396807298, 380.19612314709235, 423.40022805017105, 532.8506271379704], [228.50171037628277, 436.8415051311289]], "dt": 31.413119077682495}