{"pdf": "Demolab/build/Electricity_and_Magnetism/A40/Electric_soap_bubbles/Electric_soap_bubbles.pdf", "x": [[187.3469387755102, 470.7692307692308], [242.1098901098901, 427.5353218210361], [242.1098901098901, 393.90894819466246]], "y": [[135.35999999999999, 382.08], [200.64000000000001, 530.88], [246.72, 453.12]], "dt": 36.4280207157135}