{"pdf": "Demolab/build/Mechanics/R10/Hooke's_law/Hooke's_law.pdf", "x": [[165.24960753532181, 462.1224489795918], []], "y": [[138.24, 527.04], []], "dt": 6.097155570983887}