{"pdf": "Demolab/build/Mechanics/N20/Magnet_symmetry/Magnet_symmetry.pdf", "x": [[200.79748822605964, 469.8084772370487], [244.99215070643643, 420.8100470957614]], "y": [[144.0, 288.96000000000004], [352.32, 557.76]], "dt": 8.17592167854309}