{"pdf": "Demolab/build/Mechanics/H10/Train_and_track/Train_and_track.pdf", "x": [[194.07221350078495, 469.8084772370487], [], []], "y": [[148.79999999999998, 439.68], [], []], "dt": 8.710649251937866}