{"pdf": "Demolab/build/Electricity_and_Magnetism/J10/Selfinductance_in_AC-circuit/Selfinductance_in_AC-circuit.pdf", "x": [[161.28541935483872, 488.6564193548387], [180.48606451612903, 488.6564193548387, 166.08558064516131, 502.09687096774195], [168.00564516129035, 491.5365161290323], [168.96567741935485, 379.2127419354839]], "y": [[167.05587229190422, 441.64196123147093], [159.37514253135691, 278.42645381984033, 422.44013683010263, 703.7468643101482], [205.45952109464082, 370.5952109464082], [350.4332953249715, 466.6043329532497]], "dt": 49.10951542854309}