{"pdf": "Demolab/build/Electricity_and_Magnetism/J10/Selfinductance_in_AC-circuit/Selfinductance_in_AC-circuit.pdf", "x": [[167.04561290322582, 488.6564193548387], [156.48525806451613, 488.6564193548387, 170.88574193548388, 500.17680645161295], [155.52522580645163, 486.7363548387097, 182.40612903225806, 485.7763225806452], [171.84577419354838, 387.85303225806456]], "y": [[168.97605473204106, 437.80159635119725], [154.5746864310148, 281.3067274800456, 424.3603192702394, 710.467502850627], [199.69897377423032, 374.4355758266819, 477.1653363740023, 665.3432155074116], [356.19384264538195, 464.68415051311285]], "dt": 32.87579798698425}