{"pdf": "Demolab/build/Optics/A42/Brewster's_angle__3_/Brewster's_angle__3_.pdf", "x": [[149.7650322580645, 503.0569032258065], [], [274.56922580645164, 397.4533548387097], [269.76906451612905, 396.49332258064516], []], "y": [[171.8563283922463, 584.6955530216648], [], [273.6259977194983, 600.0570125427595], [269.7856328392246, 597.1767388825541], []], "dt": 15.462050914764404}