{"pdf": "Demolab/build/Thermodynamics/B30/Cooling_by_insulation/Cooling_by_insulation.pdf", "x": [[143.15227629513345, 546.668759811617], [247.87441130298274, 453.4756671899529], [243.0706436420722, 470.7692307692308]], "y": [[146.88, 444.47999999999996], [292.8, 371.52000000000004], [336.0, 426.24]], "dt": 19.774930715560913}