{"pdf": "Demolab/build/Thermodynamics/F10/Violation_of_the_entropy_law/Violation_of_the_entropy_law.pdf", "x": [[162.3673469387755, 498.6310832025118], [284.3830455259027, 386.2229199372057], [252.67817896389323, 405.4379905808477]], "y": [[137.28, 317.76], [177.6, 499.2], [99.84, 283.20000000000005]], "dt": 15.233751773834229}