{"pdf": "Demolab/build/Thermodynamics/F10/Violation_of_the_entropy_law/Violation_of_the_entropy_law.pdf", "x": [[160.4458398744113, 496.70957613814755], [280.54003139717423, 386.2229199372057], [244.99215070643643, 412.1632653061224]], "y": [[134.4, 318.71999999999997], [176.64, 499.2], [105.6, 289.92]], "dt": 16.22371792793274}