{"pdf": "Demolab/build/Oscillations_and_Waves/B22/Microwave_oven/Microwave_oven.pdf", "x": [[169.92570967741935, 482.89622580645164], [143.0448064516129, 443.53490322580643, 172.8058064516129, 494.4166129032258], []], "y": [[132.49258836944128, 395.55758266818697], [152.654503990878, 295.70809578107185, 375.39566704675025, 641.3409350057012], []], "dt": 11.811066389083862}