{"pdf": "Demolab/build/Electricity_and_Magnetism/K40/Electric_motor__synchronous_motor_/Electric_motor__synchronous_motor_.pdf", "x": [[250.75667189952907, 445.7896389324961], [262.2857142857143, 396.7912087912088], [207.52276295133439, 446.75039246467816]], "y": [[151.68, 411.84000000000003], [272.64, 539.52], [108.47999999999999, 431.03999999999996]], "dt": 21.83788275718689}