{"pdf": "Demolab/build/Electricity_and_Magnetism/K40/Electric_motor__synchronous_motor_/Electric_motor__synchronous_motor_.pdf", "x": [[243.0706436420722, 450.5934065934066], [261.3249607535322, 398.71271585557304], [203.67974882260597, 452.51491365777076]], "y": [[146.88, 411.84000000000003], [267.84000000000003, 536.64], [104.63999999999999, 429.12000000000006]], "dt": 18.01417350769043}