{"pdf": "Demolab/build/Electricity_and_Magnetism/H20/force_between_magnets__2_/force_between_magnets__2_.pdf", "x": [[145.07378335949764, 515.9246467817896], [175.81789638932497, 308.40188383045523, 353.5572998430141, 491.9058084772371], [290.1475667189953, 373.7331240188383]], "y": [[122.88, 476.15999999999997], [219.84, 447.35999999999996, 215.99999999999997, 451.2], [239.04, 387.84]], "dt": 24.163891553878784}