{"pdf": "Demolab/build/Electricity_and_Magnetism/H20/force_between_magnets__2_/force_between_magnets__2_.pdf", "x": [[148.91679748822608, 514.9638932496075], [171.01412872841445, 495.7488226059655], [292.0690737833595, 374.6938775510204]], "y": [[124.8, 473.28], [214.08, 453.12], [238.07999999999998, 387.84]], "dt": 20.222411155700684}