{"pdf": "Demolab/build/Mechanics/E30/Coriolis__1_/Coriolis__1_.pdf", "x": [[153.72056514913658, 554.3547880690738], [292.0690737833595, 418.8885400313972], [260.36420722135006, 469.8084772370487], [323.77394034536894, 400.6342229199372]], "y": [[125.75999999999999, 494.40000000000003], [268.8, 571.1999999999999], [144.96, 617.28], [156.48, 242.88]], "dt": 15.409940481185913}