{"pdf": "Demolab/build/Mechanics/E30/Coriolis__1_/Coriolis__1_.pdf", "x": [[146.99529042386186, 557.23704866562], [279.57927786499215, 426.57456828885404], [251.71742543171112, 471.7299843014129], [301.67660910518055, 410.2417582417582]], "y": [[123.84, 498.24000000000007], [265.92, 574.08], [143.04, 622.0799999999999], [158.4, 240.96]], "dt": 17.84140181541443}