{"pdf": "Demolab/build/Astronomy/A10/Kepler's_second_law/Kepler's_second_law.pdf", "x": [[134.40451612903226, 519.3774516129032], [212.16712903225806, 454.09525806451614], [237.1279677419355, 405.1336129032258]], "y": [[134.4127708095781, 299.5484606613455], [167.05587229190422, 533.8107183580388], [170.89623717217788, 284.18700114025086]], "dt": 34.06215763092041}