{"pdf": "Demolab/build/Astronomy/A10/Kepler's_second_law/Kepler's_second_law.pdf", "x": [[134.40451612903226, 520.3374838709677], [214.08719354838712, 451.2151612903226], [243.84819354838712, 403.21354838709675]], "y": [[133.4526795895097, 298.58836944127705], [167.05587229190422, 533.8107183580388], [179.53705815279363, 282.266818700114]], "dt": 19.140865564346313}