{"pdf": "Demolab/build/Electricity_and_Magnetism/C10/Capacitor__1_Spacing_between_the_plates/Capacitor__1_Spacing_between_the_plates.pdf", "x": [[130.5643870967742, 528.0177419354839], [146.88493548387098, 512.6572258064516, 143.0448064516129, 528.0177419354839], [157.44529032258066, 501.1368387096774, 138.24464516129032, 529.9378064516129], []], "y": [[180.49714937286203, 445.48232611174456], [182.41733181299887, 302.42873432155073, 443.56214367160777, 573.1744583808437], [114.25085518814139, 264.98517673888256, 325.4709236031927, 580.8551881413912], []], "dt": 41.77399754524231}