{"pdf": "Demolab/build/Thermodynamics/C10/Compressing_a_gas/Compressing_a_gas.pdf", "x": [[196.8066129032258, 452.1751935483871], [142.08477419354838, 504.016935483871], [158.40532258064516, 502.09687096774195]], "y": [[135.3728620296465, 487.72633979475484], [397.4777651083238, 625.9794754846066], [267.8654503990878, 524.2098061573547]], "dt": 12.302510976791382}