{"pdf": "Demolab/build/Thermodynamics/C10/Compressing_a_gas/Compressing_a_gas.pdf", "x": [[184.32619354838712, 467.5357096774194], [162.24545161290322, 519.3774516129032], [174.72587096774194, 496.3366774193549]], "y": [[134.4127708095781, 488.6864310148233], [401.3181299885975, 625.9794754846066], [266.9053591790194, 516.5290763968072]], "dt": 13.124692678451538}