{"pdf": "Demolab/build/Electricity_and_Magnetism/L20/LRC_circuits/LRC_circuits.pdf", "x": [[158.52433281004707, 498.6310832025118], [275.73626373626377, 393.90894819466246], [235.3846153846154, 431.3783359497645]], "y": [[123.84, 249.6], [116.16, 251.51999999999998], [288.96000000000004, 475.2]], "dt": 18.45655655860901}