{"pdf": "Demolab/build/Electricity_and_Magnetism/L20/LRC_circuits/LRC_circuits.pdf", "x": [[164.2888540031397, 498.6310832025118], [254.59968602825745, 389.10518053375193], [239.2276295133438, 426.57456828885404]], "y": [[125.75999999999999, 247.68], [117.12, 250.55999999999997], [286.08, 474.23999999999995]], "dt": 15.530298233032227}