{"pdf": "Demolab/build/Electricity_and_Magnetism/A40/Electric_soap_bubbles/Electric_soap_bubbles.pdf", "x": [[190.2291993720565, 471.7299843014129], [240.1883830455259, 424.6530612244898], [242.1098901098901, 407.35949764521195]], "y": [[135.35999999999999, 382.08], [203.51999999999998, 531.84], [235.20000000000002, 458.87999999999994]], "dt": 19.00209927558899}