{"pdf": "Demolab/build/Mechanics/Q50/Precession__3a_/Precession__3a_.pdf", "x": [[285.34379905808476, 400.6342229199372], [153.72056514913658, 434.2605965463108]], "y": [[112.32, 306.24], [185.28, 333.12]], "dt": 9.419696569442749}