{"pdf": "Demolab/build/Electricity_and_Magnetism/K20/Arago's_compass_needle/Arago's_compass_needle.pdf", "x": [[179.52603225806453, 492.49654838709677], [145.92490322580645, 470.4158064516129, 231.3677741935484, 416.654], [239.04803225806452, 400.3334516129033]], "y": [[132.49258836944128, 398.43785632839223], [120.9714937286203, 251.54389965792475, 340.83238312428733, 490.60661345496004], [104.64994298745724, 215.06043329532497]], "dt": 16.74806809425354}