{"pdf": "Demolab/build/Electricity_and_Magnetism/K20/Arago's_compass_needle/Arago's_compass_needle.pdf", "x": [[173.76583870967744, 496.3366774193549], [179.52603225806453, 473.29590322580646, 242.8881612903226, 418.57406451612906], [264.96890322580646, 415.69396774193547]], "y": [[130.57240592930444, 405.1584948688712], [118.09122006841505, 265.945267958951, 349.4732041049031, 478.1254275940707], [105.61003420752566, 216.0205245153934]], "dt": 24.40495991706848}