{"pdf": "Demolab/build/Mechanics/Q50/Precession__2_/Precession__2_.pdf", "x": [[161.4065934065934, 402.5557299843014], [144.11302982731553, 487.1020408163265]], "y": [[129.6, 386.88], [215.99999999999997, 349.44]], "dt": 14.447565793991089}