{"pdf": "Demolab/build/Mechanics/G10/Bungee_jumper/Bungee_jumper.pdf", "x": [[130.5643870967742, 524.1776129032258], [141.12474193548388, 464.6556129032258, 140.16470967741935, 462.7355483870968], []], "y": [[132.49258836944128, 376.35575826681867], [192.01824401368302, 397.4777651083238, 479.08551881413916, 686.4652223489168], []], "dt": 33.32023787498474}