{"pdf": "Demolab/build/Mechanics/E20/Coriolis__1a_/Coriolis__1a_.pdf", "x": [[135.3645483870968, 564.4989677419355], [288.96970967741936, 425.29429032258065], [254.4085483870968, 479.0560967741936], [305.29025806451614, 415.69396774193547]], "y": [[129.61231470923602, 526.1299885974914], [286.1071835803877, 608.6978335233752], [152.654503990878, 659.5826681870011], [164.175598631699, 286.1071835803877]], "dt": 17.870404720306396}