{"pdf": "Demolab/build/Mechanics/E20/Coriolis__1b_/Coriolis__1b_.pdf", "x": [[172.8058064516129, 515.5373225806452], [324.49090322580645, 407.0536774193548]], "y": [[131.53249714937286, 432.0410490307868], [195.85860889395667, 285.1470923603193]], "dt": 7.74088978767395}