{"pdf": "Demolab/build/Mechanics/E20/Coriolis__1b_/Coriolis__1b_.pdf", "x": [[176.64593548387097, 518.4174193548388], [302.4101612903226, 413.77390322580646]], "y": [[129.61231470923602, 430.12086659064994], [190.09806157354618, 291.86773090079816]], "dt": 9.256840705871582}