{"pdf": "Demolab/build/Oscillations_and_Waves/B20/Reflected_sound_pulses/Reflected_sound_pulses.pdf", "x": [[149.7650322580645, 505.937], [148.805, 504.9769677419355], [152.64512903225807, 512.6572258064516, 257.28864516129033, 406.09364516129034], [137.28461290322582, 528.0177419354839]], "y": [[121.93158494868871, 345.6328392246294], [328.351197263398, 560.6932725199543], [93.12884834663626, 333.15165336374, 474.28506271379706, 704.7069555302166], [378.2759407069555, 435.8814139110604]], "dt": 44.4555766582489}