{"pdf": "Demolab/build/Mechanics/H10/Who_is_pulling/Who_is_pulling.pdf", "x": [[141.23076923076923, 508.2386185243328]], "y": [[109.44, 308.16]], "dt": 10.281153440475464}