{"pdf": "Demolab/build/Mechanics/Q40/Balls_on_a_rotating_ramp/Balls_on_a_rotating_ramp.pdf", "x": [[222.72748387096775, 460.81548387096774], [], [225.6075806451613, 432.0145161290323]], "y": [[120.01140250855188, 274.5860889395667], [], [75.84720638540479, 228.50171037628277]], "dt": 9.586559295654297}