{"pdf": "Demolab/build/Electricity_and_Magnetism/K20/Arago's_disk/Arago's_disk.pdf", "x": [[181.44609677419353, 480.97616129032264], [211.20709677419356, 435.85464516129036], []], "y": [[151.69441277080958, 513.6488027366021], [316.830102622577, 441.64196123147093], []], "dt": 26.568148374557495}