{"pdf": "Demolab/build/Mechanics/Q60/Percussionpoint__1_/Percussionpoint__1_.pdf", "x": [[137.3877551020408, 511.1208791208791], [248.83516483516485, 400.6342229199372], [223.85557299843015, 408.3202511773941]], "y": [[112.32, 395.52], [330.24, 505.92], [72.0, 239.04]], "dt": 15.664904117584229}