{"pdf": "Demolab/build/Mechanics/Q10/Rolling_downhill/Rolling_downhill.pdf", "x": [[195.032967032967, 469.8084772370487], [242.1098901098901, 404.47723704866564], []], "y": [[126.72, 498.24000000000007], [529.92, 648.9599999999999], []], "dt": 11.462918043136597}