{"pdf": "Demolab/build/Electricity_and_Magnetism/A50/Water_dropper/Water_dropper.pdf", "x": [[195.99372056514912, 466.92621664050233], [254.59968602825745, 391.98744113029824], [226.73783359497645, 442.9073783359497]], "y": [[125.75999999999999, 409.92], [300.48, 498.24000000000007], [168.0, 371.52000000000004]], "dt": 29.57547402381897}