{"pdf": "Demolab/build/Electricity_and_Magnetism/A50/Water_dropper/Water_dropper.pdf", "x": [[195.032967032967, 466.92621664050233], [262.2857142857143, 397.7519623233909], [226.73783359497645, 441.94662480376763]], "y": [[123.84, 409.92], [300.48, 490.56], [165.12, 368.64]], "dt": 18.944542407989502}