{"pdf": "Demolab/build/Thermodynamics/B60/Joule's_experiment/Joule's_experiment.pdf", "x": [[153.72056514913658, 501.51334379905813], [242.1098901098901, 428.49607535321826], [234.42386185243328, 455.3971742543171]], "y": [[138.24, 456.96000000000004], [299.52, 522.24], [105.6, 331.2]], "dt": 21.224278926849365}