{"pdf": "Demolab/build/Thermodynamics/B60/Joule's_experiment/Joule's_experiment.pdf", "x": [[143.15227629513345, 508.2386185243328], [234.42386185243328, 447.7111459968603], [235.3846153846154, 459.24018838304556]], "y": [[132.48, 456.96000000000004], [299.52, 519.36], [102.72, 327.36]], "dt": 19.01095962524414}