{"pdf": "Demolab/build/Mechanics/Q20/Yo-yo/Yo-yo.pdf", "x": [[219.8473870967742, 431.0544838709678], [131.52441935483873, 516.4973548387097], []], "y": [[120.9714937286203, 433.96123147092356], [205.45952109464082, 550.1322690992018], []], "dt": 11.170868635177612}