{"pdf": "Demolab/build/Mechanics/M40/Sweet_spot/Sweet_spot.pdf", "x": [[154.6813186813187, 507.2778649921507], [244.03139717425432, 422.7315541601256], [253.63893249607534, 418.8885400313972], []], "y": [[126.72, 342.72], [222.71999999999997, 522.24], [172.79999999999998, 394.56], []], "dt": 13.88146424293518}