{"pdf": "Demolab/build/Oscillations_and_Waves/B10/Reflections_of_transverse_pulses__2_/Reflections_of_transverse_pulses__2_.pdf", "x": [[171.97488226059656, 520.7284144427001], [165.24960753532181, 526.4929356357927]], "y": [[148.79999999999998, 419.52], [348.48, 455.04]], "dt": 12.755783796310425}