{"pdf": "Demolab/build/Oscillations_and_Waves/B10/Reflections_of_transverse_pulses__2_/Reflections_of_transverse_pulses__2_.pdf", "x": [[166.21036106750392, 521.6891679748823], [171.01412872841445, 524.5714285714286]], "y": [[147.84, 421.44], [343.68, 441.6]], "dt": 9.166110515594482}