{"pdf": "Demolab/build/Oscillations_and_Waves/A40/Mathematical_pendulum__3__-_Determing_g/Mathematical_pendulum__3__-_Determing_g..pdf", "x": [[147.95604395604397, 513.0423861852433], [255.56043956043956, 417.9277864992151], []], "y": [[160.32, 426.24], [207.36, 360.96], []], "dt": 19.95436978340149}