{"pdf": "Demolab/build/Optics/D30/Newton's_rings__2_/Newton's_rings__2_.pdf", "x": [[149.7650322580645, 515.5373225806452], [234.24787096774196, 444.494935483871], [261.1287741935484, 391.6931612903226], [261.1287741935484, 398.4133870967742]], "y": [[122.89167616875713, 619.2588369441278], [165.13568985176738, 394.5974914481186], [87.36830102622578, 451.2428734321551], [101.76966932725199, 472.3648802736602]], "dt": 21.05955696105957}