{"pdf": "Demolab/build/Optics/D30/Newton's_rings__2_/Newton's_rings__2_.pdf", "x": [[160.3253870967742, 508.8170967741936], [243.84819354838712, 427.2143548387097], [268.8090322580645, 391.6931612903226], [249.6083870967742, 400.3334516129033]], "y": [[120.9714937286203, 610.618015963512], [168.01596351197264, 397.4777651083238], [96.00912200684151, 444.5222348916762], [100.80957810718358, 473.3249714937286]], "dt": 17.05771780014038}