{"pdf": "Demolab/build/Mechanics/E20/Rotating_liquid/Rotating_liquid.pdf", "x": [[262.2857142857143, 400.6342229199372], [262.2857142857143, 390.065934065934, 244.03139717425432, 414.08477237048663], [243.0706436420722, 410.2417582417582]], "y": [[126.72, 417.59999999999997], [214.08, 314.88, 442.56000000000006, 611.52], [152.64, 321.6]], "dt": 22.168419122695923}