{"pdf": "Demolab/build/Thermodynamics/F30/Stirling_engine/Stirling_engine.pdf", "x": [[143.15227629513345, 525.5321821036107], [280.54003139717423, 403.5164835164835], [196.95447409733123, 481.33751962323396]], "y": [[112.32, 342.72], [220.8, 397.44], [83.52, 313.92]], "dt": 12.25513744354248}