{"pdf": "Demolab/build/Miscellaneous/B62/Speckles/Speckles.pdf", "x": [[198.87598116169545, 437.14285714285717], [250.75667189952907, 424.6530612244898]], "y": [[116.16, 247.68], [314.88, 465.6]], "dt": 21.026597261428833}