{"pdf": "Demolab/build/Miscellaneous/B62/Speckles/Speckles.pdf", "x": [[229.62009419152278, 436.18210361067503], [229.62009419152278, 440.98587127158555]], "y": [[103.68, 240.96], [323.52000000000004, 480.96000000000004]], "dt": 14.965897798538208}