{"pdf": "Demolab/build/Mechanics/F30/Walk_and_ball/Walk_and_ball.pdf", "x": [[146.03453689167975, 502.4740973312402]], "y": [[110.4, 189.12]], "dt": 5.675051689147949}