{"pdf": "Demolab/build/Mechanics/F30/Walk_and_ball/Walk_and_ball.pdf", "x": [[148.91679748822608, 504.3956043956044]], "y": [[112.32, 189.12]], "dt": 5.249876260757446}