{"pdf": "Demolab/build/Mechanics/Q60/Sleeper/Sleeper.pdf", "x": [[139.309262166405, 520.7284144427001], [], [169.09262166405023, 510.16012558869704]], "y": [[111.35999999999999, 235.20000000000002], [], [65.28, 312.96]], "dt": 12.011010885238647}