{"pdf": "Demolab/build/Mechanics/Q60/Sleeper/Sleeper.pdf", "x": [[144.11302982731553, 520.7284144427001], [], [174.85714285714286, 498.6310832025118]], "y": [[113.28, 236.15999999999997], [], [84.48, 305.28]], "dt": 10.253117799758911}