{"pdf": "Demolab/build/Electricity_and_Magnetism/H10/Magnetic_fields/Magnetic_fields.pdf", "x": [[156.6028257456829, 504.3956043956044], [260.36420722135006, 409.28100470957617], [287.265306122449, 379.4976452119309], []], "y": [[126.72, 308.16], [306.24, 468.48], [86.39999999999999, 341.76], []], "dt": 18.380001068115234}