{"pdf": "Demolab/build/Mechanics/K10/Throwing_a_basketball/Throwing_a_basketball.pdf", "x": [[244.03139717425432, 440.98587127158555], [250.75667189952907, 416.00627943485085], []], "y": [[139.2, 301.44], [155.51999999999998, 489.59999999999997], []], "dt": 9.907283544540405}