{"pdf": "Demolab/build/Modern_Physics/A50/Tunneling/Tunneling.pdf", "x": [[190.2291993720565, 471.7299843014129], [239.2276295133438, 429.45682888540034], [239.2276295133438, 430.4175824175824], []], "y": [[113.28, 498.24000000000007], [222.71999999999997, 569.28], [218.88, 451.2], []], "dt": 18.173121213912964}