{"pdf": "Demolab/build/Oscillations_and_Waves/A50/Damped_galvanometer/Damped_galvanometer.pdf", "x": [[176.64593548387097, 491.5365161290323], [170.88574193548388, 499.2167741935484], [], [255.3685806451613, 405.1336129032258]], "y": [[131.53249714937286, 285.1470923603193], [147.85404789053592, 409.9589509692132], [], [153.61459521094642, 414.7594070695553]], "dt": 13.165180444717407}