{"pdf": "Demolab/build/Oscillations_and_Waves/A50/Damped_galvanometer/Damped_galvanometer.pdf", "x": [[181.44609677419353, 485.7763225806452], [175.68590322580647, 485.7763225806452], [], [265.928935483871, 398.4133870967742]], "y": [[133.4526795895097, 280.3466362599772], [146.8939566704675, 408.0387685290764], [], [156.49486887115165, 412.8392246294185]], "dt": 19.748669147491455}