{"pdf": "Demolab/build/Thermodynamics/D30/Rain_of_balls/Rain_of_balls.pdf", "x": [[170.05337519623234, 489.98430141287287], [226.73783359497645, 436.18210361067503], [262.2857142857143, 405.4379905808477], []], "y": [[124.8, 273.6], [360.0, 613.4399999999999], [182.4, 438.72], []], "dt": 15.873276472091675}