{"pdf": "Demolab/build/Mechanics/D50/Going_round_in_circles/Going_round_in_circles.pdf", "x": [[143.15227629513345, 529.3751962323391], [219.05180533751962, 440.98587127158555], [246.91365777080063, 426.57456828885404], []], "y": [[120.0, 262.08000000000004], [134.4, 264.96], [164.16, 303.36], []], "dt": 13.880639791488647}