{"pdf": "Demolab/build/Mechanics/N10/Boomerang_ball__1_/Boomerang_ball__1_.pdf", "x": [[181.44609677419353, 494.4166129032258], [221.76745161290322, 455.0552903225807], [239.04803225806452, 445.4549677419355], []], "y": [[134.4127708095781, 366.7548460661345], [219.86088939566704, 698.9464082098062], [261.1448118586089, 683.5849486887115], []], "dt": 19.355353832244873}