{"pdf": "Demolab/build/Mechanics/Q20/Rolling_downhill/Rolling_downhill.pdf", "x": [[194.07221350078495, 465.96546310832025], [243.0706436420722, 408.3202511773941], []], "y": [[125.75999999999999, 498.24000000000007], [528.9599999999999, 648.0], []], "dt": 13.51553225517273}