{"pdf": "Demolab/build/Mechanics/M40/Gauss's_rifle/Gauss's_rifle.pdf", "x": [[148.91679748822608, 514.9638932496075], [236.34536891679747, 433.2998430141287, 231.54160125588695, 425.6138147566719], []], "y": [[126.72, 285.12], [176.64, 308.16, 458.87999999999994, 630.72], []], "dt": 18.05877685546875}