{"pdf": "Demolab/build/Optics/A10/Confusing_mirrors/Confusing_mirrors.pdf", "x": [[150.83830455259027, 515.9246467817896], [268.0502354788069, 420.8100470957614], [285.34379905808476, 400.6342229199372], [282.46153846153845, 385.26216640502355]], "y": [[116.16, 284.15999999999997], [183.35999999999999, 535.6800000000001], [109.44, 474.23999999999995], [85.44, 415.68000000000006]], "dt": 32.65090775489807}