{"pdf": "Demolab/build/Optics/A10/Confusing_mirrors/Confusing_mirrors.pdf", "x": [[146.03453689167975, 515.9246467817896], [262.2857142857143, 422.7315541601256], [275.73626373626377, 409.28100470957617], [279.57927786499215, 387.18367346938777]], "y": [[111.35999999999999, 278.4], [181.44, 534.72], [111.35999999999999, 478.08], [85.44, 415.68000000000006]], "dt": 23.319742679595947}