{"pdf": "Demolab/build/Mechanics/Q60/Centre_of_ratation/Centre_of_ratation.pdf", "x": [[143.15227629513345, 518.806907378336], [158.52433281004707, 462.1224489795918], [220.97331240188382, 430.4175824175824], []], "y": [[126.72, 338.88], [252.48, 663.36], [391.68, 650.88], []], "dt": 13.68928861618042}