{"pdf": "Demolab/build/Electricity_and_Magnetism/B20/Charge_is_on_the_outside/Charge_is_on_the_outside.pdf", "x": [[184.46467817896388, 522.6499215070644], [285.34379905808476, 428.49607535321826, 286.3045525902669, 431.3783359497645], []], "y": [[126.72, 399.36], [201.59999999999997, 389.76, 468.48, 657.6], []], "dt": 13.36280870437622}