{"pdf": "Demolab/build/Mechanics/Q40/Pulling_the_rug/Pulling_the_rug.pdf", "x": [[143.15227629513345, 483.25902668759807], [210.4050235478807, 457.31868131868134, 191.18995290423862, 475.5729984301413], []], "y": [[124.8, 233.28], [215.99999999999997, 319.68, 478.08, 579.84], []], "dt": 11.643364429473877}