{"pdf": "Demolab/build/Mechanics/E20/Coriolis__3_/Coriolis__3_.pdf", "x": [[159.48508634222918, 538.021978021978], [151.79905808477235, 553.3940345368917]], "y": [[125.75999999999999, 585.6], [255.36, 476.15999999999997]], "dt": 11.663152694702148}