{"pdf": "Demolab/build/Electricity_and_Magnetism/A40/Polarizing_a_dielectric/Polarizing_a_dielectric.pdf", "x": [[180.62166405023547, 481.33751962323396], [161.4065934065934, 465.0047095761381]], "y": [[138.24, 475.2], [139.2, 280.32]], "dt": 15.177597522735596}