{"pdf": "Demolab/build/Electricity_and_Magnetism/A40/Polarizing_a_dielectric/Polarizing_a_dielectric.pdf", "x": [[180.62166405023547, 481.33751962323396], [201.75824175824175, 465.96546310832025]], "y": [[138.24, 478.08], [143.04, 279.36]], "dt": 37.91141438484192}