{"pdf": "Demolab/build/Electricity_and_Magnetism/C10/Capacitor-_spacing_and_dielectric/Capacitor-_spacing_and_dielectric.pdf", "x": [[209.4442700156986, 465.96546310832025], [248.83516483516485, 422.7315541601256], [226.73783359497645, 443.86813186813185], []], "y": [[192.95999999999998, 500.15999999999997], [214.08, 479.04], [106.56, 519.36], []], "dt": 14.95302700996399}