{"pdf": "Demolab/build/Optics/D10/Fresnel_double_prism/Fresnel_double_prism.pdf", "x": [[148.91679748822608, 512.0816326530612], [274.7755102040816, 402.5557299843014, 286.3045525902669, 382.37990580847725], [247.87441130298274, 411.20251177394033]], "y": [[114.24000000000001, 292.8], [176.64, 430.08000000000004, 495.36, 670.08], [170.88, 340.8]], "dt": 13.320424795150757}