{"pdf": "Demolab/build/Optics/D30/Soap_film/Soap_film.pdf", "x": [[164.2888540031397, 510.16012558869704], [236.34536891679747, 440.98587127158555], [265.1679748822606, 392.9481946624804], [], [135.46624803767662, 526.4929356357927]], "y": [[128.64, 347.52], [158.4, 465.6], [235.20000000000002, 599.04], [], [94.08, 561.6]], "dt": 31.663042068481445}