{"pdf": "Demolab/build/Optics/D30/Soap_film/Soap_film.pdf", "x": [[158.52433281004707, 514.0031397174254], [233.46310832025117, 442.9073783359497], [266.1287284144427, 391.02668759811615], [], [138.34850863422292, 383.34065934065933, 387.18367346938777, 513.0423861852433]], "y": [[123.84, 341.76], [154.56, 465.6], [230.39999999999998, 611.52], [], [73.92, 497.28000000000003, 75.84, 556.8]], "dt": 46.80528020858765}