{"pdf": "Demolab/build/Optics/H20/Brewster's_angle__2_/Brewster's_angle__2_.pdf", "x": [[151.68509677419354, 504.9769677419355], [211.20709677419356, 456.9753548387097, 207.3669677419355, 463.69558064516133], []], "y": [[145.93386545039908, 252.50399087799317], [203.53933865450398, 369.63511972633984, 430.12086659064994, 589.4960091220069], []], "dt": 17.7192063331604}