{"pdf": "Demolab/build/Mechanics/D50/Force_field/Force_field.pdf", "x": [[251.71742543171112, 443.86813186813185], [247.87441130298274, 431.3783359497645]], "y": [[114.24000000000001, 397.44], [167.04, 336.96000000000004]], "dt": 9.242016553878784}