{"pdf": "Demolab/build/Mechanics/M40/Dropping_rolls_of_toilet_paper/Dropping_rolls_of_toilet_paper.pdf", "x": [[190.0863870967742, 459.85545161290327], [284.16954838709677, 374.4125806451613]], "y": [[169.93614595210946, 394.5974914481186], [229.4618015963512, 347.5530216647663]], "dt": 8.107747554779053}