{"pdf": "Demolab/build/Mechanics/M40/Dropping_rolls_of_toilet_paper/Dropping_rolls_of_toilet_paper.pdf", "x": [[187.20629032258066, 457.93538709677426], [261.1287741935484, 381.13280645161296]], "y": [[166.0957810718358, 394.5974914481186], [219.86088939566704, 354.27366020524516]], "dt": 24.89944362640381}