{"pdf": "Demolab/build/Mechanics/E30/Coriolis__3_/Coriolis__3_.pdf", "x": [[155.6420722135008, 538.9827315541601], [145.07378335949764, 556.276295133438]], "y": [[123.84, 584.64], [247.68, 480.0]], "dt": 11.861798763275146}