{"pdf": "Demolab/build/Mechanics/E30/Coriolis__3_/Coriolis__3_.pdf", "x": [[159.48508634222918, 534.1789638932496], [151.79905808477235, 554.3547880690738]], "y": [[124.8, 582.72], [255.36, 475.2]], "dt": 8.808420658111572}