{"pdf": "Demolab/build/Mechanics/Q50/Nutation__1_/Nutation__1_.pdf", "x": [[146.99529042386186, 515.9246467817896], [146.99529042386186, 384.30141287284147, 144.11302982731553, 396.7912087912088], []], "y": [[115.19999999999999, 294.72], [252.48, 358.08000000000004, 487.67999999999995, 601.92], []], "dt": 15.47175145149231}