{"pdf": "Demolab/build/Oscillations_and_Waves/B22/Kundt's_tube/Kundt's_tube.pdf", "x": [[140.16470967741935, 514.5772903225807], [186.24625806451616, 463.69558064516133], [141.12474193548388, 526.0976774193549], [173.76583870967744, 472.335870967742]], "y": [[122.89167616875713, 308.18928164196126], [350.4332953249715, 703.7468643101482], [200.65906499429875, 352.3534777651083], [161.29532497149373, 246.74344355758268]], "dt": 16.51540493965149}