{"pdf": "Demolab/build/Electricity_and_Magnetism/H30/Force_on_electrons_in_a_magnetic_field__2_/Force_on_electrons_in_a_magnetic_field__2_.pdf", "x": [[162.3673469387755, 506.3171114599686], [227.69858712715856, 419.8492935635793], [150.83830455259027, 349.7142857142857], []], "y": [[161.28, 392.64], [438.72, 630.72], [279.36, 505.92], []], "dt": 19.255938291549683}