{"pdf": "Demolab/build/Mechanics/E20/Coriolis__1a_/Coriolis__1a_.pdf", "x": [[140.16470967741935, 566.4190322580646], [288.96970967741936, 422.4141935483871], [254.4085483870968, 479.0560967741936], [319.6907419354839, 408.01370967741934]], "y": [[134.4127708095781, 527.0900798175599], [288.02736602052454, 607.7377423033067], [155.53477765108323, 657.6624857468643], [173.77651083238314, 269.7856328392246]], "dt": 17.302198886871338}