{"pdf": "Demolab/build/Mechanics/Q60/Maximum_rotational_inertia/Maximum_rotational_inertia.pdf", "x": [[168.13186813186815, 494.78806907378333], [151.79905808477235, 515.9246467817896]], "y": [[122.88, 372.47999999999996], [211.2, 357.12]], "dt": 8.163788557052612}