{"pdf": "Demolab/build/Mechanics/Q60/Maximum_rotational_inertia/Maximum_rotational_inertia.pdf", "x": [[172.93563579277867, 490.94505494505495], [158.52433281004707, 511.1208791208791]], "y": [[126.72, 371.52000000000004], [212.16, 357.12]], "dt": 7.977705001831055}