{"pdf": "Demolab/build/Fluid_Mechanics/C20/Magnus_effect__2_/Magnus_effect__2_.pdf", "x": [[208.4835164835165, 464.04395604395603], [237.30612244897958, 419.8492935635793, 239.2276295133438, 425.6138147566719]], "y": [[114.24000000000001, 285.12], [137.28, 222.71999999999997, 376.32, 534.72]], "dt": 12.159238576889038}