{"pdf": "Demolab/build/Mechanics/N20/Spinning_bouncing_ball/Spinning_bouncing_ball.pdf", "x": [[153.72056514913658, 506.3171114599686], [244.03139717425432, 446.75039246467816, 244.99215070643643, 448.6718995290424], []], "y": [[126.72, 411.84000000000003], [139.2, 318.71999999999997, 451.2, 626.88], []], "dt": 35.97050976753235}