{"pdf": "Demolab/build/Optics/D40/Michelson-Morley_interferometer/Michelson-Morley_interferometer.pdf", "x": [[141.23076923076923, 509.1993720565149]], "y": [[136.32, 512.64]], "dt": 8.497941255569458}