{"pdf": "Demolab/build/Optics/D40/Michelson-Morley_interferometer/Michelson-Morley_interferometer.pdf", "x": [[155.6420722135008, 503.43485086342224]], "y": [[136.32, 510.72]], "dt": 9.533613204956055}