{"pdf": "Demolab/build/Optics/C10/Resolution/Resolution.pdf", "x": [[131.52441935483873, 586.5797096774194], [317.7706774193548, 399.37341935483875, 292.8098387096774, 413.77390322580646], [125.76422580645162, 427.2143548387097, 305.29025806451614, 415.69396774193547], []], "y": [[121.93158494868871, 399.39794754846065], [218.90079817559862, 333.15165336374, 386.91676168757124, 582.7753705815279], [98.88939566704674, 303.38882554161916, 478.1254275940707, 686.4652223489168], []], "dt": 18.85214614868164}