{"pdf": "Demolab/build/Mechanics/K20/Rolling_up-and-down,_again_and_again/Rolling_up-and-down,_again_and_again.pdf", "x": [[195.032967032967, 468.84772370486655], [222.89481946624804, 453.4756671899529, 220.01255886970173, 450.5934065934066]], "y": [[147.84, 288.96000000000004], [183.35999999999999, 248.64000000000001, 456.00000000000006, 593.2800000000001]], "dt": 10.62230920791626}