{"pdf": "Demolab/build/Oscillations_and_Waves/A40/Simple_harmonic_motion__SHM___2_/Simple_harmonic_motion__SHM___2_.pdf", "x": [[149.87755102040816, 514.0031397174254], [191.18995290423862, 501.51334379905813], []], "y": [[148.79999999999998, 275.52000000000004], [182.4, 495.36], []], "dt": 17.491894721984863}