{"pdf": "Demolab/build/Mechanics/Q60/Dumb-bell/Dumb-bell.pdf", "x": [[146.99529042386186, 563.0015698587127], [244.03139717425432, 430.4175824175824], [288.22605965463106, 411.20251177394033]], "y": [[124.8, 293.76], [144.96, 427.20000000000005], [182.4, 471.35999999999996]], "dt": 10.79701018333435}