{"pdf": "Demolab/build/Mechanics/Q60/Dumb-bell/Dumb-bell.pdf", "x": [[144.11302982731553, 566.8445839874411], [282.46153846153845, 422.7315541601256], [291.1083202511774, 430.4175824175824]], "y": [[124.8, 294.72], [143.04, 424.32], [191.04, 465.6]], "dt": 14.214695930480957}