{"pdf": "Demolab/build/Thermodynamics/C50/Critical_point/Critical_point.pdf", "x": [[156.6028257456829, 515.9246467817896], [155.6420722135008, 517.8461538461538]], "y": [[114.24000000000001, 401.28000000000003], [98.88, 258.24]], "dt": 9.191663026809692}