{"pdf": "Demolab/build/Thermodynamics/C50/Critical_point/Critical_point.pdf", "x": [[151.79905808477235, 513.0423861852433], [153.72056514913658, 520.7284144427001]], "y": [[112.32, 401.28000000000003], [97.92, 265.92]], "dt": 8.798238277435303}