{"pdf": "Demolab/build/Optics/D10/Fresnel_double_prism/Fresnel_double_prism.pdf", "x": [[145.07378335949764, 516.8854003139718], [267.0894819466248, 395.8304552590267, 274.7755102040816, 380.458398744113], [259.403453689168, 419.8492935635793]], "y": [[112.32, 291.84], [181.44, 412.8, 500.15999999999997, 670.08], [172.79999999999998, 340.8]], "dt": 15.283009052276611}