{"pdf": "Demolab/build/Mechanics/Q10/Maximum_rotational_inertia/Maximum_rotational_inertia.pdf", "x": [[172.93563579277867, 490.94505494505495], [158.52433281004707, 512.0816326530612]], "y": [[125.75999999999999, 371.52000000000004], [215.04000000000002, 354.24]], "dt": 9.283569812774658}