{"pdf": "Demolab/build/Optics/H20/Brewster's_angle__1_/Brewster's_angle__1_.pdf", "x": [[160.3253870967742, 496.3366774193549], [242.8881612903226, 422.4141935483871], [], [244.80822580645165, 408.97374193548393], []], "y": [[145.93386545039908, 366.7548460661345], [251.54389965792475, 630.7799315849487], [], [82.56784492588369, 432.0410490307868], []], "dt": 27.515639543533325}