{"pdf": "Demolab/build/Electricity_and_Magnetism/H40/Force_effect_of_current/Force_effect_of_current.pdf", "x": [[150.83830455259027, 510.16012558869704], [237.30612244897958, 436.18210361067503, 234.42386185243328, 429.45682888540034], []], "y": [[125.75999999999999, 258.24], [133.44, 257.28, 305.28, 460.79999999999995], []], "dt": 16.320310592651367}