{"pdf": "Demolab/build/Modern_Physics/A60/Bragg-scattering/Bragg-scattering.pdf", "x": [[217.92732258064518, 481.9361935483871], [227.52764516129034, 454.09525806451614], [250.5684193548387, 447.37503225806455], []], "y": [[122.89167616875713, 442.60205245153935], [298.58836944127705, 625.9794754846066], [139.21322690992017, 284.18700114025086], []], "dt": 15.406065940856934}