{"pdf": "Demolab/build/Mechanics/E10/Shoot_and_catch/Shoot_and_catch.pdf", "x": [[138.24464516129032, 511.6971935483871], [257.28864516129033, 410.89380645161293], [237.1279677419355, 423.37422580645165]], "y": [[130.57240592930444, 358.11402508551885], [469.4846066134549, 572.2143671607754], [115.21094640820981, 248.6636259977195]], "dt": 26.561160802841187}