{"pdf": "Demolab/build/Electricity_and_Magnetism/A20/Coulomb's_law/Coulomb's_law.pdf", "x": [[257.48194662480375, 406.39874411302986], [272.8540031397174, 396.7912087912088], [253.63893249607534, 405.4379905808477], []], "y": [[126.72, 392.64], [228.48000000000002, 433.91999999999996], [214.08, 387.84], []], "dt": 14.425851821899414}