{"pdf": "Demolab/build/Oscillations_and_Waves/A95/Chaotic_pendulum/Chaotic_pendulum.pdf", "x": [[187.20629032258066, 496.3366774193549], [254.4085483870968, 408.01370967741934], [210.24706451612903, 453.1352258064516], [245.76825806451615, 435.85464516129036], [242.8881612903226, 441.61483870967743]], "y": [[160.3352337514253, 536.6909920182441], [216.0205245153934, 674.9441277080957], [168.97605473204106, 353.31356898517674], [518.4492588369441, 671.1037628278222], [127.6921322690992, 262.10490307867735]], "dt": 20.6458637714386}