{"pdf": "Demolab/build/Oscillations_and_Waves/A95/Chaotic_pendulum/Chaotic_pendulum.pdf", "x": [[201.60677419354838, 511.6971935483871], [245.76825806451615, 413.77390322580646], [202.5668064516129, 459.85545161290327], [240.00806451612902, 441.61483870967743], [233.2878387096774, 446.415]], "y": [[165.13568985176738, 529.0102622576967], [210.2599771949829, 679.7445838084378], [166.0957810718358, 355.2337514253135], [516.5290763968072, 678.7844925883694], [121.93158494868871, 262.10490307867735]], "dt": 30.341832399368286}