{"pdf": "Demolab/build/Electricity_and_Magnetism/C20/Polarizing_a_dielectric/Polarizing_a_dielectric.pdf", "x": [[176.77864992150705, 482.29827315541604], [200.79748822605964, 470.7692307692308]], "y": [[136.32, 476.15999999999997], [139.2, 288.0]], "dt": 11.894576787948608}