{"pdf": "Demolab/build/Electricity_and_Magnetism/C20/Polarizing_a_dielectric/Polarizing_a_dielectric.pdf", "x": [[181.58241758241758, 483.25902668759807], [189.26844583987443, 467.88697017268447]], "y": [[138.24, 479.04], [137.28, 281.28000000000003]], "dt": 14.944922924041748}