{"pdf": "Demolab/build/Mechanics/G10/Pulling_a_thread/Pulling_a_thread.pdf", "x": [[164.2888540031397, 506.3171114599686], [236.34536891679747, 415.04552590266877], [239.2276295133438, 419.8492935635793]], "y": [[112.32, 350.40000000000003], [267.84000000000003, 435.84], [72.0, 227.52]], "dt": 14.582939386367798}