{"pdf": "Demolab/build/Optics/A01/Speed_of_light-Foucault-Michelson/Speed_of_light-Foucault-Michelson.pdf", "x": [[148.91679748822608, 519.7676609105181], [218.09105180533751, 447.7111459968603], [249.79591836734696, 417.9277864992151], []], "y": [[147.84, 467.52000000000004], [182.4, 404.15999999999997], [108.47999999999999, 414.72], []], "dt": 20.74496579170227}