{"pdf": "Demolab/build/Thermodynamics/D10/Brownian_motion/Brownian_motion.pdf", "x": [[195.8465806451613, 449.2950967741936], [216.00725806451615, 443.53490322580643]], "y": [[121.93158494868871, 336.9920182440137], [144.97377423033066, 245.78335233751426]], "dt": 12.039475917816162}