{"pdf": "Demolab/build/Thermodynamics/D10/Brownian_motion/Brownian_motion.pdf", "x": [[206.406935483871, 448.335064516129], [198.72667741935484, 449.2950967741936]], "y": [[122.89167616875713, 338.91220068415055], [143.05359179019385, 252.50399087799317]], "dt": 17.907649993896484}