{"pdf": "Demolab/build/Mechanics/Q60/Tippe_top/Tippe_top.pdf", "x": [[144.11302982731553, 512.0816326530612], [245.95290423861854, 419.8492935635793], [205.60125588697016, 449.6326530612245], [301.67660910518055, 367.0078492935636]], "y": [[125.75999999999999, 257.28], [482.88000000000005, 667.1999999999999], [271.68, 481.92], [82.56, 289.92]], "dt": 14.485941648483276}