{"pdf": "Demolab/build/Mechanics/D50/Conical_pendulum/Conical_pendulum.pdf", "x": [[218.09105180533751, 442.9073783359497], [263.24646781789636, 398.71271585557304, 274.7755102040816, 384.30141287284147], [283.42229199372053, 384.30141287284147]], "y": [[121.91999999999999, 330.24], [246.72, 413.76000000000005, 486.71999999999997, 652.8], [171.84, 268.8]], "dt": 21.77777862548828}