{"pdf": "Demolab/build/Mechanics/D50/Conical_pendulum/Conical_pendulum.pdf", "x": [[220.97331240188382, 440.98587127158555], [260.36420722135006, 397.7519623233909, 281.50078492935637, 389.10518053375193], [284.3830455259027, 385.26216640502355]], "y": [[125.75999999999999, 328.32], [242.88, 409.92, 490.56, 650.88], [168.0, 267.84000000000003]], "dt": 17.001338243484497}