{"pdf": "Demolab/build/Mechanics/Q50/Precession__4__AND_Nutation__3_/Precession__4__AND_Nutation__3_.pdf", "x": [[181.58241758241758, 489.0235478806907], [227.69858712715856, 436.18210361067503], []], "y": [[161.28, 384.96000000000004], [176.64, 441.6], []], "dt": 9.0204918384552}