{"pdf": "Demolab/build/Oscillations_and_Waves/A15/Physical_pendulum__2_/Physical_pendulum__2_.pdf", "x": [[189.26844583987443, 477.4945054945055], [255.56043956043956, 421.77080062794346]], "y": [[127.68, 279.36], [235.20000000000002, 356.16]], "dt": 5.878928899765015}