{"pdf": "Demolab/build/Oscillations_and_Waves/A15/Physical_pendulum__2_/Physical_pendulum__2_.pdf", "x": [[198.87598116169545, 477.4945054945055], [268.0502354788069, 391.02668759811615, 247.87441130298274, 424.6530612244898]], "y": [[125.75999999999999, 275.52000000000004], [229.43999999999997, 346.56, 411.84000000000003, 506.88]], "dt": 10.19458270072937}