{"pdf": "Demolab/build/Optics/D10/Young's_double_slit/Young's_double_slit.pdf", "x": [[122.88412903225807, 560.6588387096774], [236.167935483871, 451.2151612903226], [197.76664516129034, 474.255935483871], []], "y": [[123.85176738882554, 348.5131128848347], [347.5530216647663, 516.5290763968072], [85.44811858608894, 258.2645381984036], []], "dt": 18.544503688812256}