{"pdf": "Demolab/build/Thermodynamics/C33/Boiling_water_at_reduced_pressure/Boiling_water_at_reduced_pressure.pdf", "x": [[150.83830455259027, 516.8854003139718], [293.02982731554164, 386.2229199372057], []], "y": [[135.35999999999999, 442.56000000000006], [144.0, 345.59999999999997], []], "dt": 14.104116439819336}