{"pdf": "Demolab/build/Mechanics/Q10/Rolling_down_a_wide_gutter/Rolling_down_a_wide_gutter.pdf", "x": [[172.93563579277867, 496.70957613814755], []], "y": [[139.2, 221.76000000000002], []], "dt": 5.271497011184692}