{"pdf": "Demolab/build/Electricity_and_Magnetism/B10/E-field_direction/E-field_direction.pdf", "x": [[202.71899529042386, 464.04395604395603], [255.56043956043956, 410.2417582417582, 246.91365777080063, 424.6530612244898], []], "y": [[114.24000000000001, 319.68], [147.84, 290.88, 414.72, 571.1999999999999], []], "dt": 13.203012943267822}