{"pdf": "Demolab/build/Mechanics/Q50/Precession__2_/Precession__2_.pdf", "x": [[155.6420722135008, 409.28100470957617], [154.6813186813187, 272.8540031397174, 278.61852433281, 374.6938775510204, 380.458398744113, 489.0235478806907]], "y": [[125.75999999999999, 387.84], [215.04000000000002, 357.12, 215.99999999999997, 345.59999999999997, 218.88, 347.52]], "dt": 11.425438642501831}