{"pdf": "Demolab/build/Thermodynamics/C33/Dippy_bird/Dippy_bird.pdf", "x": [[149.7650322580645, 499.2167741935484], [233.2878387096774, 442.57487096774196], [198.72667741935484, 416.654]], "y": [[134.4127708095781, 375.39566704675025], [232.34207525655643, 450.2827822120866], [80.64766248574686, 283.22690992018244]], "dt": 23.393350839614868}