{"pdf": "Demolab/build/Mechanics/N10/Sliding_ladder/Sliding_ladder.pdf", "x": [[146.99529042386186, 514.0031397174254], [262.2857142857143, 389.10518053375193]], "y": [[114.24000000000001, 287.04], [215.99999999999997, 352.32]], "dt": 8.929608583450317}