{"pdf": "Demolab/build/Thermodynamics/B70/Fire-pump/Fire-pump.pdf", "x": [[151.68509677419354, 504.016935483871], []], "y": [[120.9714937286203, 484.8460661345496], []], "dt": 7.6348793506622314}