{"pdf": "Demolab/build/Oscillations_and_Waves/B22/Plucking_a_string/Plucking_a_string.pdf", "x": [[168.13186813186815, 500.552590266876], [157.56357927786502, 522.6499215070644], []], "y": [[135.35999999999999, 253.44], [397.44, 653.76], []], "dt": 15.345325946807861}