{"pdf": "Demolab/build/Mechanics/Q60/Centre_of_rotation/Centre_of_rotation.pdf", "x": [[129.6043548387097, 528.0177419354839], [191.04641935483872, 457.93538709677426], [215.04722580645162, 438.7347419354839], []], "y": [[135.3728620296465, 360.03420752565563], [307.22919042189284, 694.145952109464], [423.40022805017105, 678.7844925883694], []], "dt": 16.560651302337646}