{"pdf": "Demolab/build/Thermodynamics/B20/Cooling_by_insulation/Cooling_by_insulation.pdf", "x": [[143.15227629513345, 558.1978021978022], [242.1098901098901, 448.6718995290424], [249.79591836734696, 469.8084772370487]], "y": [[146.88, 443.52000000000004], [285.12, 366.71999999999997], [338.88, 428.16]], "dt": 13.382867813110352}