{"pdf": "Demolab/build/Electricity_and_Magnetism/A40/Water_dropper/Water_dropper.pdf", "x": [[195.032967032967, 465.0047095761381], [255.56043956043956, 400.6342229199372], [224.81632653061226, 442.9073783359497]], "y": [[126.72, 408.0], [301.44, 495.36], [166.07999999999998, 369.6]], "dt": 17.01142644882202}