{"pdf": "Demolab/build/Oscillations_and_Waves/A15/Physical_pendulum__1__-_Compound_pendulum/Physical_pendulum__1__-_Compound_pendulum.pdf", "x": [[171.01412872841445, 506.3171114599686], [290.1475667189953, 386.2229199372057], [274.7755102040816, 411.20251177394033], [309.3626373626374, 388.1444270015699]], "y": [[158.4, 392.64], [375.36, 494.40000000000003], [234.24, 356.16], [199.68, 289.92]], "dt": 15.684637546539307}