{"pdf": "Demolab/build/Mechanics/D50/Force_field/Force_field.pdf", "x": [[248.83516483516485, 444.82888540031394], [236.34536891679747, 427.5353218210361]], "y": [[110.4, 397.44], [168.96, 342.72]], "dt": 8.636169910430908}