{"pdf": "Demolab/build/Mechanics/K20/Rolling_up-and-down,_again_and_again/Rolling_up-and-down,_again_and_again.pdf", "x": [[186.3861852433281, 469.8084772370487], [220.01255886970173, 460.20094191522765, 207.52276295133439, 457.31868131868134]], "y": [[144.0, 288.96000000000004], [179.51999999999998, 255.36, 471.35999999999996, 591.36]], "dt": 14.612348079681396}