{"pdf": "Demolab/build/Electricity_and_Magnetism/A10/Electric_soap_bubbles/Electric_soap_bubbles.pdf", "x": [[189.26844583987443, 469.8084772370487], [231.54160125588695, 427.5353218210361], [253.63893249607534, 407.35949764521195]], "y": [[138.24, 382.08], [196.79999999999998, 537.6], [238.07999999999998, 454.08000000000004]], "dt": 14.04721999168396}