{"pdf": "Demolab/build/Electricity_and_Magnetism/A10/Electric_soap_bubbles/Electric_soap_bubbles.pdf", "x": [[189.26844583987443, 470.7692307692308], [235.3846153846154, 431.3783359497645], [231.54160125588695, 405.4379905808477]], "y": [[135.35999999999999, 380.15999999999997], [201.59999999999997, 531.84], [243.83999999999997, 463.68]], "dt": 19.403783321380615}