{"pdf": "Demolab/build/Electricity_and_Magnetism/F15/Fuse-wires_parallel/Fuse-wires_parallel.pdf", "x": [[214.24803767660913, 444.82888540031394], [248.83516483516485, 408.3202511773941, 288.22605965463106, 373.7331240188383], []], "y": [[138.24, 286.08], [138.24, 215.04000000000002, 464.64, 552.96], []], "dt": 16.71129870414734}