{"pdf": "Demolab/build/Mechanics/Q50/Precession__1_/Precession__1_.pdf", "x": [[213.28728414442702, 469.8084772370487], [154.6813186813187, 383.34065934065933], [263.24646781789636, 408.3202511773941]], "y": [[115.19999999999999, 367.68], [405.11999999999995, 576.0], [106.56, 216.95999999999998]], "dt": 13.718716859817505}