{"pdf": "Demolab/build/Oscillations_and_Waves/B22/deBroglie_applied_to_Bohr/deBroglie_applied_to_Bohr.pdf", "x": [[168.00564516129035, 484.8162903225807], [144.96487096774194, 521.2975161290323], []], "y": [[158.4150513112885, 375.39566704675025], [203.53933865450398, 478.1254275940707], []], "dt": 9.987760543823242}