{"pdf": "Demolab/build/Modern_Physics/B10/Balmer_series/Balmer_series.pdf", "x": [[127.68429032258065, 523.2175806451613], [139.20467741935482, 518.4174193548388], [249.6083870967742, 411.8538387096774, 241.92812903225806, 419.5340967741936], [179.52603225806453, 329.29106451612904], []], "y": [[121.93158494868871, 502.12770809578103], [229.4618015963512, 528.0501710376283], [94.08893956670467, 185.2976054732041, 268.8255416191562, 419.55986316989737], [164.175598631699, 284.18700114025086], []], "dt": 23.586036443710327}