{"pdf": "Demolab/build/Mechanics/Q10/Maximum_rotational_inertia/Maximum_rotational_inertia.pdf", "x": [[171.01412872841445, 489.98430141287287], [157.56357927786502, 514.9638932496075]], "y": [[122.88, 369.6], [210.23999999999998, 356.16]], "dt": 25.233943462371826}