{"pdf": "Demolab/build/Electricity_and_Magnetism/H40/Lorentz_force__2_/Lorentz_force__2_.pdf", "x": [[187.3469387755102, 518.806907378336], [251.71742543171112, 449.6326530612245]], "y": [[112.32, 304.32], [357.12, 549.12]], "dt": 13.222493886947632}