{"pdf": "Demolab/build/Electricity_and_Magnetism/H40/Lorentz_force__2_/Lorentz_force__2_.pdf", "x": [[193.11145996860284, 516.8854003139718], [248.83516483516485, 439.0643642072214]], "y": [[113.28, 302.40000000000003], [358.08000000000004, 554.88]], "dt": 9.289114952087402}