{"pdf": "Demolab/build/Mechanics/N20/Superballs/Superballs.pdf", "x": [[172.93563579277867, 496.70957613814755], [161.4065934065934, 490.94505494505495], []], "y": [[146.88, 369.6], [264.0, 506.88], []], "dt": 10.828098773956299}