{"pdf": "Demolab/build/Optics/C20/Diffraction_2a_,_single_slit/Diffraction_2a_,_single_slit.pdf", "x": [[190.2291993720565, 479.41601255886974], []], "y": [[113.28, 317.76], []], "dt": 6.341988801956177}