{"pdf": "Demolab/build/Mechanics/J20/Equilibrium_and_potential_energy/Equilibrium_and_potential_energy.pdf", "x": [[142.19152276295134, 442.9073783359497], [235.3846153846154, 419.8492935635793], []], "y": [[147.84, 466.56], [367.68, 627.84], []], "dt": 12.713775396347046}