{"pdf": "Demolab/build/Mechanics/H10/Recoil_of_a_water-jet/Recoil_of_a_water-jet.pdf", "x": [[265.1679748822606, 464.04395604395603], [238.2668759811617, 426.57456828885404, 286.3045525902669, 387.18367346938777]], "y": [[118.07999999999998, 250.55999999999997], [130.56, 237.11999999999998, 355.2, 459.84]], "dt": 20.92844820022583}