{"pdf": "Demolab/build/Optics/A40/Chromatic_aberration/Chromatic_aberration.pdf", "x": [[152.75981161695447, 502.4740973312402], [178.70015698587127, 489.0235478806907], []], "y": [[138.24, 346.56], [318.71999999999997, 480.0], []], "dt": 11.695979118347168}