{"pdf": "Demolab/build/Mechanics/N10/Boomerang_ball__2_/Boomerang_ball__2_.pdf", "x": [[139.20467741935482, 491.5365161290323], [208.327, 448.335064516129], [212.16712903225806, 465.61564516129033]], "y": [[132.49258836944128, 384.99657924743445], [191.0581527936146, 704.7069555302166], [368.6750285062714, 578.9350057012543]], "dt": 21.9576199054718}