{"pdf": "Demolab/build/Mechanics/N10/Boomerang_ball__2_/Boomerang_ball__2_.pdf", "x": [[151.68509677419354, 495.37664516129036], [201.60677419354838, 456.9753548387097], [210.24706451612903, 464.6556129032258]], "y": [[134.4127708095781, 381.15621436716077], [195.85860889395667, 705.6670467502851], [366.7548460661345, 573.1744583808437]], "dt": 17.665353775024414}