{"pdf": "Demolab/build/Oscillations_and_Waves/A10/Mathematical_pendulum__2__-_Large_angle/Mathematical_pendulum__2__-_Large_angle.pdf", "x": [[198.87598116169545, 461.1616954474098], [217.1302982731554, 453.4756671899529], [262.2857142857143, 399.67346938775506]], "y": [[157.44, 371.52000000000004], [192.95999999999998, 366.71999999999997], [254.4, 526.0799999999999]], "dt": 12.27830171585083}