{"pdf": "Demolab/build/Oscillations_and_Waves/A10/Mathematical_pendulum__2__-_Large_angle/Mathematical_pendulum__2__-_Large_angle.pdf", "x": [[202.71899529042386, 458.2794348508634], [214.24803767660913, 443.86813186813185], [268.0502354788069, 391.98744113029824]], "y": [[161.28, 375.36], [191.04, 365.76], [248.64000000000001, 515.52]], "dt": 16.231106519699097}