{"pdf": "Demolab/build/Electricity_and_Magnetism/B10/Charge_and_field_inside_and_or_outside/Charge_and_field_inside_and_or_outside.pdf", "x": [[169.92570967741935, 485.7763225806452], [170.88574193548388, 488.6564193548387], []], "y": [[168.97605473204106, 315.87001140250857], [294.7480045610034, 685.5051311288483], []], "dt": 16.232316493988037}