{"pdf": "Demolab/build/Electricity_and_Magnetism/G40/Barkhausen_effect__2/Barkhausen_effect__2.pdf", "x": [[239.04803225806452, 440.65480645161296], []], "y": [[135.3728620296465, 336.9920182440137], []], "dt": 6.423799276351929}