{"pdf": "Demolab/build/Mechanics/E20/Coriolis__2_/Coriolis__2_.pdf", "x": [[146.99529042386186, 547.6295133437991], [285.34379905808476, 419.8492935635793], [226.73783359497645, 459.24018838304556, 300.7158555729984, 426.57456828885404], [259.403453689168, 441.94662480376763, 210.4050235478807, 467.88697017268447], [185.425431711146, 525.5321821036107]], "y": [[135.35999999999999, 525.12], [333.12, 492.48], [71.03999999999999, 342.72, 423.36, 667.1999999999999], [137.28, 318.71999999999997, 373.44, 585.6], [151.68, 378.24]], "dt": 44.41388273239136}