{"pdf": "Demolab/build/Mechanics/E20/Coriolis__2_/Coriolis__2_.pdf", "x": [[147.95604395604397, 544.7472527472527], [286.3045525902669, 413.12401883830455], [220.01255886970173, 467.88697017268447, 285.34379905808476, 416.00627943485085], [254.59968602825745, 444.82888540031394, 215.2087912087912, 465.0047095761381], [179.66091051805336, 514.0031397174254]], "y": [[134.4, 526.0799999999999], [329.28000000000003, 499.2], [73.92, 341.76, 417.59999999999997, 659.52], [131.51999999999998, 316.8, 362.88, 592.32], [152.64, 374.4]], "dt": 37.033052921295166}