{"pdf": "Demolab/build/Optics/C20/Diffraction_2b_,_single_slit/Diffraction_2b_,_single_slit.pdf", "x": [[144.11302982731553, 550.5117739403454], [278.61852433281, 430.4175824175824], [263.24646781789636, 450.5934065934066], []], "y": [[112.32, 318.71999999999997], [329.28000000000003, 624.0], [203.51999999999998, 610.56], []], "dt": 19.10318398475647}