{"pdf": "Demolab/build/Mechanics/L20/Kepler's_third_law/Kepler's_third_law.pdf", "x": [[175.68590322580647, 480.97616129032264], []], "y": [[135.3728620296465, 520.3694412770809], []], "dt": 7.621084928512573}