{"pdf": "Demolab/build/Thermodynamics/A10/Inverted_thermometer/Inverted_thermometer.pdf", "x": [[158.52433281004707, 502.4740973312402], []], "y": [[122.88, 289.92], []], "dt": 6.849420547485352}