{"pdf": "Demolab/build/Oscillations_and_Waves/A50/Damped_harmonic_motion/Damped_harmonic_motion.pdf", "x": [[158.40532258064516, 503.0569032258065], [150.72506451612904, 505.937], []], "y": [[123.85176738882554, 264.02508551881414], [194.89851767388828, 351.3933865450399], []], "dt": 9.180352926254272}