{"pdf": "Demolab/build/Optics/D10/Fresnel_double_mirror/Fresnel_double_mirror.pdf", "x": [[216.1695447409733, 433.2998430141287], [282.46153846153845, 384.30141287284147, 292.0690737833595, 376.61538461538464], [268.0502354788069, 388.1444270015699]], "y": [[113.28, 245.76], [172.79999999999998, 297.59999999999997, 374.4, 496.32000000000005], [126.72, 272.64]], "dt": 13.071029901504517}