{"pdf": "Demolab/build/Mechanics/K20/Falling_stick/Falling_stick.pdf", "x": [[244.99215070643643, 426.57456828885404], [204.64050235478808, 453.4756671899529]], "y": [[317.76, 500.15999999999997], [72.0, 261.12]], "dt": 7.390873193740845}