{"pdf": "Demolab/build/Mechanics/K20/Falling_stick/Falling_stick.pdf", "x": [[241.14913657770802, 432.3390894819466], [201.75824175824175, 451.5541601255887]], "y": [[318.71999999999997, 502.08], [71.03999999999999, 253.44]], "dt": 14.931849956512451}