{"pdf": "Demolab/build/Mechanics/D50/xxxxxxxxxxx_Going_round_in_circles/xxxxxxxxxxx_Going_round_in_circles.pdf", "x": [[143.15227629513345, 528.414442700157], [235.3846153846154, 439.0643642072214], [247.87441130298274, 424.6530612244898], []], "y": [[136.32, 276.48], [137.28, 264.0], [173.76, 303.36], []], "dt": 16.85615873336792}